i,0,20200909,063021,54,1,301,286,337,315,CAM0/20200909063021.jpg
i,0,20200909,063503,52,1,299,755,345,787,CAM0/20200909063503.jpg
i,0,20200909,063618,36,1,299,753,346,786,CAM0/20200909063618.jpg
i,0,20200909,063803,32,1,297,754,346,787,CAM0/20200909063803.jpg
i,0,20200909,064330,33,1,300,750,341,779,CAM0/20200909064330.jpg
i,0,20200909,064536,32,1,300,750,341,780,CAM0/20200909064536.jpg
i,0,20200909,064706,32,2,1570,645,1626,717,CAM0/20200909064706.jpg
i,0,20200909,064739,37,1,301,750,342,779,CAM0/20200909064739.jpg
i,0,20200909,064754,47,2,1567,646,1627,713,CAM0/20200909064754.jpg
i,0,20200909,064809,42,1,302,751,342,779,CAM0/20200909064809.jpg
i,0,20200909,064903,32,1,298,753,345,786,CAM0/20200909064903.jpg
i,0,20200909,064942,33,1,299,755,341,784,CAM0/20200909064942.jpg
i,0,20200909,065033,31,1,299,755,344,785,CAM0/20200909065033.jpg
i,0,20200909,065051,38,1,297,754,341,784,CAM0/20200909065051.jpg
i,0,20200909,065115,32,1,298,754,341,784,CAM0/20200909065115.jpg
i,0,20200909,065127,43,2,1564,647,1626,717,CAM0/20200909065127.jpg
i,0,20200909,065133,33,2,1566,647,1626,714,CAM0/20200909065133.jpg
i,0,20200909,065133,33,1,299,751,341,779,CAM0/20200909065133.jpg
i,0,20200909,065145,33,2,1566,650,1627,715,CAM0/20200909065145.jpg
i,0,20200909,065148,41,2,1568,646,1625,715,CAM0/20200909065148.jpg
i,0,20200909,065203,43,2,1566,648,1625,715,CAM0/20200909065203.jpg
i,0,20200909,065215,44,2,1565,647,1626,713,CAM0/20200909065215.jpg
i,0,20200909,065218,54,2,1565,646,1627,713,CAM0/20200909065218.jpg
i,0,20200909,065224,32,2,1567,650,1624,713,CAM0/20200909065224.jpg
i,0,20200909,065227,38,2,1564,650,1626,717,CAM0/20200909065227.jpg
i,0,20200909,065227,50,1,297,754,342,784,CAM0/20200909065227.jpg
i,0,20200909,065230,37,2,1568,644,1625,716,CAM0/20200909065230.jpg
i,0,20200909,065233,30,2,1566,648,1626,717,CAM0/20200909065233.jpg
i,0,20200909,065239,36,2,1566,648,1628,713,CAM0/20200909065239.jpg
i,0,20200909,065242,34,2,1567,648,1630,713,CAM0/20200909065242.jpg
i,0,20200909,065245,40,2,1564,651,1628,714,CAM0/20200909065245.jpg
i,0,20200909,065254,36,2,1568,646,1626,716,CAM0/20200909065254.jpg
i,0,20200909,065300,37,2,1567,650,1625,716,CAM0/20200909065300.jpg
i,0,20200909,065303,49,2,1566,645,1629,716,CAM0/20200909065303.jpg
i,0,20200909,065309,34,2,1565,649,1625,715,CAM0/20200909065309.jpg
i,0,20200909,065315,37,2,1567,645,1626,713,CAM0/20200909065315.jpg
i,0,20200909,065321,40,2,1565,646,1626,714,CAM0/20200909065321.jpg
i,0,20200909,065324,34,2,1564,647,1628,715,CAM0/20200909065324.jpg
i,0,20200909,065330,43,2,1563,647,1627,715,CAM0/20200909065330.jpg
i,0,20200909,065333,51,2,1565,648,1627,716,CAM0/20200909065333.jpg
i,0,20200909,065339,40,2,1567,646,1628,714,CAM0/20200909065339.jpg
i,0,20200909,065354,34,2,1564,650,1629,712,CAM0/20200909065354.jpg
i,0,20200909,065357,37,2,1564,648,1628,715,CAM0/20200909065357.jpg
i,0,20200909,065400,36,1,298,754,342,785,CAM0/20200909065400.jpg
i,0,20200909,065409,31,2,1566,648,1627,715,CAM0/20200909065409.jpg
i,0,20200909,065418,39,2,1563,645,1626,716,CAM0/20200909065418.jpg
i,0,20200909,065421,42,2,1564,649,1628,715,CAM0/20200909065421.jpg
i,0,20200909,065424,36,2,1566,647,1627,715,CAM0/20200909065424.jpg
i,0,20200909,065436,42,2,1565,644,1627,715,CAM0/20200909065436.jpg
i,0,20200909,065439,45,2,1566,646,1626,716,CAM0/20200909065439.jpg
i,0,20200909,065442,33,2,1565,648,1628,717,CAM0/20200909065442.jpg
i,0,20200909,065445,36,2,1566,648,1626,716,CAM0/20200909065445.jpg
i,0,20200909,065500,47,2,1565,644,1627,716,CAM0/20200909065500.jpg
i,0,20200909,065500,37,1,297,755,339,784,CAM0/20200909065500.jpg
i,0,20200909,065506,39,2,1564,647,1626,719,CAM0/20200909065506.jpg
i,0,20200909,065509,38,2,1566,646,1627,716,CAM0/20200909065509.jpg
i,0,20200909,065518,42,2,1565,645,1629,714,CAM0/20200909065518.jpg
i,0,20200909,065521,45,2,1564,649,1628,715,CAM0/20200909065521.jpg
i,0,20200909,065530,34,2,1565,648,1626,718,CAM0/20200909065530.jpg
i,0,20200909,065533,41,2,1566,644,1625,719,CAM0/20200909065533.jpg
i,0,20200909,065536,35,2,1564,647,1626,716,CAM0/20200909065536.jpg
i,0,20200909,065548,37,2,1566,642,1626,718,CAM0/20200909065548.jpg
i,0,20200909,065551,35,2,1564,648,1627,715,CAM0/20200909065551.jpg
i,0,20200909,065600,34,2,1563,650,1628,716,CAM0/20200909065600.jpg
i,0,20200909,065603,31,2,1566,648,1625,718,CAM0/20200909065603.jpg
i,0,20200909,065612,32,2,1565,646,1627,714,CAM0/20200909065612.jpg
i,0,20200909,065615,40,2,1566,647,1625,719,CAM0/20200909065615.jpg
i,0,20200909,065633,35,2,1564,648,1626,717,CAM0/20200909065633.jpg
i,0,20200909,065642,44,2,1566,647,1627,716,CAM0/20200909065642.jpg
i,0,20200909,065645,38,2,1566,648,1628,715,CAM0/20200909065645.jpg
i,0,20200909,065651,45,2,1565,648,1627,715,CAM0/20200909065651.jpg
i,0,20200909,065654,36,2,1564,649,1627,717,CAM0/20200909065654.jpg
i,0,20200909,065657,32,2,1564,647,1626,717,CAM0/20200909065657.jpg
i,0,20200909,065706,35,2,1564,647,1628,716,CAM0/20200909065706.jpg
i,0,20200909,065709,31,2,1565,646,1626,715,CAM0/20200909065709.jpg
i,0,20200909,065718,45,2,1559,650,1631,714,CAM0/20200909065718.jpg
i,0,20200909,065721,41,2,1564,649,1627,714,CAM0/20200909065721.jpg
i,0,20200909,065724,32,2,1564,649,1629,715,CAM0/20200909065724.jpg
i,0,20200909,065727,38,2,1564,646,1628,714,CAM0/20200909065727.jpg
i,0,20200909,065730,32,2,1564,646,1627,718,CAM0/20200909065730.jpg
i,0,20200909,065733,33,2,1565,646,1627,719,CAM0/20200909065733.jpg
i,0,20200909,065742,33,2,1563,649,1628,715,CAM0/20200909065742.jpg
i,0,20200909,065745,41,2,1563,648,1627,720,CAM0/20200909065745.jpg
i,0,20200909,065748,44,2,1563,647,1627,718,CAM0/20200909065748.jpg
i,0,20200909,065806,37,2,1564,644,1625,719,CAM0/20200909065806.jpg
i,0,20200909,065812,38,2,1565,646,1627,717,CAM0/20200909065812.jpg
i,0,20200909,065815,36,2,1562,648,1627,719,CAM0/20200909065815.jpg
i,0,20200909,065818,35,2,1565,646,1626,717,CAM0/20200909065818.jpg
i,0,20200909,065857,34,2,1562,648,1627,718,CAM0/20200909065857.jpg
i,0,20200909,065903,45,2,1566,648,1625,717,CAM0/20200909065903.jpg
i,0,20200909,065924,40,2,1564,647,1625,718,CAM0/20200909065924.jpg
i,0,20200909,065927,38,2,1563,645,1626,717,CAM0/20200909065927.jpg
i,0,20200909,070003,40,2,1566,644,1624,720,CAM0/20200909070003.jpg
i,0,20200909,070009,37,2,1565,644,1625,720,CAM0/20200909070009.jpg
i,0,20200909,070012,39,2,1564,647,1626,719,CAM0/20200909070012.jpg
i,0,20200909,070015,32,2,1564,647,1627,716,CAM0/20200909070015.jpg
i,0,20200909,070024,30,2,1564,648,1626,717,CAM0/20200909070024.jpg
i,0,20200909,070039,39,2,1564,646,1626,717,CAM0/20200909070039.jpg
i,0,20200909,070048,36,2,1565,646,1625,718,CAM0/20200909070048.jpg
i,0,20200909,070112,34,2,1564,647,1625,718,CAM0/20200909070112.jpg
i,0,20200909,070136,35,2,1565,647,1626,716,CAM0/20200909070136.jpg
i,0,20200909,070139,45,2,1565,647,1627,717,CAM0/20200909070139.jpg
i,0,20200909,070212,43,2,1565,648,1627,717,CAM0/20200909070212.jpg
i,0,20200909,070221,35,2,1566,648,1625,717,CAM0/20200909070221.jpg
i,0,20200909,070224,37,2,1564,647,1626,715,CAM0/20200909070224.jpg
i,0,20200909,070233,37,2,1564,647,1627,716,CAM0/20200909070233.jpg
i,0,20200909,070251,44,2,1564,645,1627,719,CAM0/20200909070251.jpg
i,0,20200909,070309,34,2,1564,647,1628,716,CAM0/20200909070309.jpg
i,0,20200909,070318,33,2,1566,645,1624,717,CAM0/20200909070318.jpg
i,0,20200909,070333,37,2,1565,646,1626,716,CAM0/20200909070333.jpg
i,0,20200909,070354,32,2,1564,646,1628,716,CAM0/20200909070354.jpg
i,0,20200909,070357,37,2,1565,648,1626,716,CAM0/20200909070357.jpg
i,0,20200909,070400,37,2,1566,646,1626,715,CAM0/20200909070400.jpg
i,0,20200909,070403,39,2,1565,645,1626,718,CAM0/20200909070403.jpg
i,0,20200909,070412,40,2,1563,646,1627,717,CAM0/20200909070412.jpg
i,0,20200909,070418,46,2,1565,646,1626,716,CAM0/20200909070418.jpg
i,0,20200909,070421,31,2,1564,643,1625,720,CAM0/20200909070421.jpg
i,0,20200909,070427,34,2,1564,646,1628,717,CAM0/20200909070427.jpg
i,0,20200909,070430,39,2,1565,645,1626,717,CAM0/20200909070430.jpg
i,0,20200909,070433,33,2,1565,643,1627,717,CAM0/20200909070433.jpg
i,0,20200909,070436,31,2,1563,647,1626,718,CAM0/20200909070436.jpg
i,0,20200909,070451,38,2,1565,646,1629,716,CAM0/20200909070451.jpg
i,0,20200909,070500,45,2,1566,645,1626,721,CAM0/20200909070500.jpg
i,0,20200909,070506,43,2,1564,644,1626,720,CAM0/20200909070506.jpg
i,0,20200909,070512,50,2,1564,645,1627,718,CAM0/20200909070512.jpg
i,0,20200909,070524,30,2,1566,643,1628,715,CAM0/20200909070524.jpg
i,0,20200909,070527,49,2,1565,644,1627,717,CAM0/20200909070527.jpg
i,0,20200909,070536,31,2,1556,649,1619,722,CAM0/20200909070536.jpg
i,0,20200909,070539,35,2,1565,644,1627,720,CAM0/20200909070539.jpg
i,0,20200909,070557,38,2,1567,646,1626,716,CAM0/20200909070557.jpg
i,0,20200909,070606,45,2,1568,646,1628,716,CAM0/20200909070606.jpg
i,0,20200909,070609,40,2,1566,640,1627,718,CAM0/20200909070609.jpg
i,0,20200909,070618,39,2,1568,644,1628,717,CAM0/20200909070618.jpg
i,0,20200909,070621,43,2,1565,645,1627,717,CAM0/20200909070621.jpg
i,0,20200909,070624,31,2,1569,645,1626,714,CAM0/20200909070624.jpg
i,0,20200909,070633,33,2,1566,648,1626,714,CAM0/20200909070633.jpg
i,0,20200909,070639,48,2,1566,646,1630,715,CAM0/20200909070639.jpg
i,0,20200909,070648,40,2,1567,645,1628,715,CAM0/20200909070648.jpg
i,0,20200909,070654,41,2,1566,645,1627,714,CAM0/20200909070654.jpg
i,0,20200909,070657,41,2,1565,646,1626,718,CAM0/20200909070657.jpg
i,0,20200909,070700,40,2,1566,644,1627,718,CAM0/20200909070700.jpg
i,0,20200909,070709,35,2,1566,646,1626,717,CAM0/20200909070709.jpg
i,0,20200909,070724,36,2,1567,644,1628,717,CAM0/20200909070724.jpg
i,0,20200909,070727,44,2,1567,643,1627,717,CAM0/20200909070727.jpg
i,0,20200909,070733,42,2,1567,641,1624,719,CAM0/20200909070733.jpg
i,0,20200909,070800,45,2,1567,647,1628,716,CAM0/20200909070800.jpg
i,0,20200909,070806,44,2,1568,643,1628,717,CAM0/20200909070806.jpg
i,0,20200909,070812,45,2,1567,644,1626,718,CAM0/20200909070812.jpg
i,0,20200909,070815,36,2,1566,647,1627,717,CAM0/20200909070815.jpg
i,0,20200909,070818,44,2,1569,642,1629,715,CAM0/20200909070818.jpg
i,0,20200909,070821,42,2,1568,643,1627,716,CAM0/20200909070821.jpg
i,0,20200909,070824,40,2,1567,644,1628,719,CAM0/20200909070824.jpg
i,0,20200909,070830,37,2,1569,645,1627,717,CAM0/20200909070830.jpg
i,0,20200909,070836,52,2,1568,641,1627,719,CAM0/20200909070836.jpg
i,0,20200909,070848,48,2,1569,643,1626,717,CAM0/20200909070848.jpg
i,0,20200909,070854,41,2,1568,643,1627,717,CAM0/20200909070854.jpg
i,0,20200909,070900,35,1,299,755,342,784,CAM0/20200909070900.jpg
i,0,20200909,070909,43,2,1566,646,1628,715,CAM0/20200909070909.jpg
i,0,20200909,070912,38,2,1569,646,1627,714,CAM0/20200909070912.jpg
i,0,20200909,070918,48,2,1567,644,1627,717,CAM0/20200909070918.jpg
i,0,20200909,070921,46,2,1568,641,1627,717,CAM0/20200909070921.jpg
i,0,20200909,070924,49,2,1566,644,1627,714,CAM0/20200909070924.jpg
i,0,20200909,070927,46,2,1566,646,1629,714,CAM0/20200909070927.jpg
i,0,20200909,070930,54,2,1567,644,1628,714,CAM0/20200909070930.jpg
i,0,20200909,070939,38,2,1568,644,1626,715,CAM0/20200909070939.jpg
i,0,20200909,070942,37,2,1567,645,1627,713,CAM0/20200909070942.jpg
i,0,20200909,070945,36,2,1569,640,1627,716,CAM0/20200909070945.jpg
i,0,20200909,070948,36,2,1564,645,1626,717,CAM0/20200909070948.jpg
i,0,20200909,070951,45,2,1566,645,1628,716,CAM0/20200909070951.jpg
i,0,20200909,070954,38,2,1570,644,1625,714,CAM0/20200909070954.jpg
i,0,20200909,071000,44,2,1568,644,1629,713,CAM0/20200909071000.jpg
i,0,20200909,071003,38,2,1565,647,1627,714,CAM0/20200909071003.jpg
i,0,20200909,071030,49,2,1566,641,1626,718,CAM0/20200909071030.jpg
i,0,20200909,071033,49,2,1567,644,1628,715,CAM0/20200909071033.jpg
i,0,20200909,071042,65,2,1566,643,1627,717,CAM0/20200909071042.jpg
i,0,20200909,071045,50,2,1565,645,1629,715,CAM0/20200909071045.jpg
i,0,20200909,071048,39,2,1567,647,1627,715,CAM0/20200909071048.jpg
i,0,20200909,071054,43,2,1570,644,1626,717,CAM0/20200909071054.jpg
i,0,20200909,071100,45,2,1566,646,1628,716,CAM0/20200909071100.jpg
i,0,20200909,071103,52,2,1568,643,1629,717,CAM0/20200909071103.jpg
i,0,20200909,071109,59,2,1568,640,1629,716,CAM0/20200909071109.jpg
i,0,20200909,071112,48,2,1569,642,1626,716,CAM0/20200909071112.jpg
i,0,20200909,071115,42,2,1565,648,1627,716,CAM0/20200909071115.jpg
i,0,20200909,071118,49,2,1566,648,1628,714,CAM0/20200909071118.jpg
i,0,20200909,071121,34,2,1569,642,1626,717,CAM0/20200909071121.jpg
i,0,20200909,071124,45,2,1569,641,1627,717,CAM0/20200909071124.jpg
i,0,20200909,071127,54,2,1565,644,1630,716,CAM0/20200909071127.jpg
i,0,20200909,071133,47,2,1565,647,1628,717,CAM0/20200909071133.jpg
i,0,20200909,071136,50,2,1565,647,1627,719,CAM0/20200909071136.jpg
i,0,20200909,071139,46,2,1566,644,1628,716,CAM0/20200909071139.jpg
i,0,20200909,071142,51,2,1569,639,1628,716,CAM0/20200909071142.jpg
i,0,20200909,071148,39,2,1570,644,1627,716,CAM0/20200909071148.jpg
i,0,20200909,071151,49,2,1568,642,1627,718,CAM0/20200909071151.jpg
i,0,20200909,071154,41,2,1567,645,1629,714,CAM0/20200909071154.jpg
i,0,20200909,071200,42,2,1565,644,1627,717,CAM0/20200909071200.jpg
i,0,20200909,071203,55,2,1567,643,1627,716,CAM0/20200909071203.jpg
i,0,20200909,071206,34,2,1568,646,1625,717,CAM0/20200909071206.jpg
i,0,20200909,071209,39,2,1566,644,1626,717,CAM0/20200909071209.jpg
i,0,20200909,071212,45,2,1567,644,1628,717,CAM0/20200909071212.jpg
i,0,20200909,071215,40,2,1564,647,1628,717,CAM0/20200909071215.jpg
i,0,20200909,071221,47,2,1566,644,1629,717,CAM0/20200909071221.jpg
i,0,20200909,071224,49,2,1566,644,1628,717,CAM0/20200909071224.jpg
i,0,20200909,071227,41,2,1565,648,1628,716,CAM0/20200909071227.jpg
i,0,20200909,071236,36,2,1565,644,1626,719,CAM0/20200909071236.jpg
i,0,20200909,071242,32,2,1567,644,1627,717,CAM0/20200909071242.jpg
i,0,20200909,071251,45,2,1564,646,1627,718,CAM0/20200909071251.jpg
i,0,20200909,071254,47,2,1568,643,1627,718,CAM0/20200909071254.jpg
i,0,20200909,071257,39,2,1566,644,1627,718,CAM0/20200909071257.jpg
i,0,20200909,071303,35,2,1568,643,1627,719,CAM0/20200909071303.jpg
i,0,20200909,071306,53,2,1567,642,1627,718,CAM0/20200909071306.jpg
i,0,20200909,071309,32,2,1567,646,1626,715,CAM0/20200909071309.jpg
i,0,20200909,071315,34,2,1565,649,1625,714,CAM0/20200909071315.jpg
i,0,20200909,071327,47,2,1564,647,1628,718,CAM0/20200909071327.jpg
i,0,20200909,071333,39,2,1569,643,1625,717,CAM0/20200909071333.jpg
i,0,20200909,071336,32,2,1570,647,1626,714,CAM0/20200909071336.jpg
i,0,20200909,071342,40,2,1568,647,1625,716,CAM0/20200909071342.jpg
i,0,20200909,071348,31,2,1566,647,1628,715,CAM0/20200909071348.jpg
i,0,20200909,071351,34,2,1566,650,1627,716,CAM0/20200909071351.jpg
i,0,20200909,071400,47,2,1568,644,1628,716,CAM0/20200909071400.jpg
i,0,20200909,071403,37,2,1566,646,1627,715,CAM0/20200909071403.jpg
i,0,20200909,071406,33,2,1567,647,1627,716,CAM0/20200909071406.jpg
i,0,20200909,071409,45,2,1565,644,1627,716,CAM0/20200909071409.jpg
i,0,20200909,071415,44,2,1567,644,1626,716,CAM0/20200909071415.jpg
i,0,20200909,071424,35,2,1568,645,1627,717,CAM0/20200909071424.jpg
i,0,20200909,071427,48,2,1566,641,1628,717,CAM0/20200909071427.jpg
i,0,20200909,071430,43,2,1566,646,1629,716,CAM0/20200909071430.jpg
i,0,20200909,071439,35,2,1568,646,1626,717,CAM0/20200909071439.jpg
i,0,20200909,071442,52,2,1565,646,1628,717,CAM0/20200909071442.jpg
i,0,20200909,071445,35,2,1566,645,1625,716,CAM0/20200909071445.jpg
i,0,20200909,071448,33,2,1566,645,1627,718,CAM0/20200909071448.jpg
i,0,20200909,071451,41,2,1568,643,1628,716,CAM0/20200909071451.jpg
i,0,20200909,071454,37,2,1568,643,1626,715,CAM0/20200909071454.jpg
i,0,20200909,071500,34,2,1571,643,1626,716,CAM0/20200909071500.jpg
i,0,20200909,071506,36,2,1569,639,1627,717,CAM0/20200909071506.jpg
i,0,20200909,071518,35,2,1570,640,1627,719,CAM0/20200909071518.jpg
i,0,20200909,071524,44,2,1569,642,1628,716,CAM0/20200909071524.jpg
i,0,20200909,071527,42,2,1568,641,1627,718,CAM0/20200909071527.jpg
i,0,20200909,071530,55,2,1566,643,1629,719,CAM0/20200909071530.jpg
i,0,20200909,071533,35,2,1567,644,1627,717,CAM0/20200909071533.jpg
i,0,20200909,071536,47,2,1567,645,1628,717,CAM0/20200909071536.jpg
i,0,20200909,071539,48,2,1567,643,1628,720,CAM0/20200909071539.jpg
i,0,20200909,071542,55,2,1566,643,1628,718,CAM0/20200909071542.jpg
i,0,20200909,071545,39,2,1568,646,1627,717,CAM0/20200909071545.jpg
i,0,20200909,071548,35,2,1568,644,1626,717,CAM0/20200909071548.jpg
i,0,20200909,071557,33,2,1565,642,1628,718,CAM0/20200909071557.jpg
i,0,20200909,071600,36,1,299,756,341,784,CAM0/20200909071600.jpg
i,0,20200909,071606,47,2,1566,644,1627,717,CAM0/20200909071606.jpg
i,0,20200909,071612,56,2,1568,643,1629,716,CAM0/20200909071612.jpg
i,0,20200909,071615,36,2,1567,646,1629,713,CAM0/20200909071615.jpg
i,0,20200909,071624,40,2,1567,646,1628,717,CAM0/20200909071624.jpg
i,0,20200909,071633,46,2,1569,641,1627,717,CAM0/20200909071633.jpg
i,0,20200909,071636,39,2,1565,643,1628,717,CAM0/20200909071636.jpg
i,0,20200909,071639,42,2,1566,648,1628,715,CAM0/20200909071639.jpg
i,0,20200909,071642,49,2,1567,642,1627,717,CAM0/20200909071642.jpg
i,0,20200909,071645,38,2,1570,645,1627,716,CAM0/20200909071645.jpg
i,0,20200909,071648,55,2,1565,644,1629,716,CAM0/20200909071648.jpg
i,0,20200909,071651,51,2,1566,645,1628,714,CAM0/20200909071651.jpg
i,0,20200909,071700,47,2,1566,648,1627,715,CAM0/20200909071700.jpg
i,0,20200909,071703,44,2,1567,644,1625,716,CAM0/20200909071703.jpg
i,0,20200909,071709,57,2,1565,646,1630,717,CAM0/20200909071709.jpg
i,0,20200909,071715,37,2,1565,647,1626,717,CAM0/20200909071715.jpg
i,0,20200909,071718,54,2,1570,642,1625,718,CAM0/20200909071718.jpg
i,0,20200909,071724,59,2,1566,641,1628,719,CAM0/20200909071724.jpg
i,0,20200909,071724,41,1,299,757,344,787,CAM0/20200909071724.jpg
i,0,20200909,071727,40,2,1567,643,1627,717,CAM0/20200909071727.jpg
i,0,20200909,071727,48,1,299,756,342,785,CAM0/20200909071727.jpg
i,0,20200909,071730,41,2,1565,643,1629,718,CAM0/20200909071730.jpg
i,0,20200909,071730,35,1,299,756,343,785,CAM0/20200909071730.jpg
i,0,20200909,071733,57,2,1565,644,1628,719,CAM0/20200909071733.jpg
i,0,20200909,071736,53,2,1566,645,1628,717,CAM0/20200909071736.jpg
i,0,20200909,071739,54,2,1567,643,1627,717,CAM0/20200909071739.jpg
i,0,20200909,071739,51,1,299,756,343,785,CAM0/20200909071739.jpg
i,0,20200909,071748,41,2,1566,644,1627,718,CAM0/20200909071748.jpg
i,0,20200909,071754,34,2,1565,647,1626,718,CAM0/20200909071754.jpg
i,0,20200909,071757,56,2,1567,643,1629,717,CAM0/20200909071757.jpg
i,0,20200909,071806,44,2,1568,642,1628,716,CAM0/20200909071806.jpg
i,0,20200909,071809,32,2,1569,643,1625,718,CAM0/20200909071809.jpg
i,0,20200909,071812,55,2,1566,644,1629,718,CAM0/20200909071812.jpg
i,0,20200909,071818,37,2,1568,641,1628,719,CAM0/20200909071818.jpg
i,0,20200909,071818,70,1,299,756,342,786,CAM0/20200909071818.jpg
i,0,20200909,071821,45,2,1569,641,1628,716,CAM0/20200909071821.jpg
i,0,20200909,071824,45,2,1568,642,1627,718,CAM0/20200909071824.jpg
i,0,20200909,071824,37,1,298,757,342,786,CAM0/20200909071824.jpg
i,0,20200909,071827,31,1,299,757,342,784,CAM0/20200909071827.jpg
i,0,20200909,071830,39,2,1568,643,1626,719,CAM0/20200909071830.jpg
i,0,20200909,071833,31,2,1570,639,1623,720,CAM0/20200909071833.jpg
i,0,20200909,071836,34,2,1566,641,1626,722,CAM0/20200909071836.jpg
i,0,20200909,071839,33,1,298,756,339,785,CAM0/20200909071839.jpg
i,0,20200909,071845,43,2,1568,643,1625,718,CAM0/20200909071845.jpg
i,0,20200909,071845,32,1,299,757,341,785,CAM0/20200909071845.jpg
i,0,20200909,071848,35,2,1567,646,1628,716,CAM0/20200909071848.jpg
i,0,20200909,071851,47,2,1565,645,1628,716,CAM0/20200909071851.jpg
i,0,20200909,071854,39,2,1564,646,1627,717,CAM0/20200909071854.jpg
i,0,20200909,071903,45,2,1564,644,1626,721,CAM0/20200909071903.jpg
i,0,20200909,071906,62,1,298,754,341,785,CAM0/20200909071906.jpg
i,0,20200909,071909,30,2,1567,643,1625,717,CAM0/20200909071909.jpg
i,0,20200909,071915,55,2,1566,639,1627,720,CAM0/20200909071915.jpg
i,0,20200909,071918,31,2,1569,646,1626,715,CAM0/20200909071918.jpg
i,0,20200909,071924,38,2,1565,647,1627,717,CAM0/20200909071924.jpg
i,0,20200909,071930,45,2,1571,639,1626,719,CAM0/20200909071930.jpg
i,0,20200909,071933,41,2,1566,646,1627,716,CAM0/20200909071933.jpg
i,0,20200909,071936,40,2,1569,641,1626,719,CAM0/20200909071936.jpg
i,0,20200909,071939,38,2,1567,640,1626,721,CAM0/20200909071939.jpg
i,0,20200909,071942,50,2,1567,644,1626,720,CAM0/20200909071942.jpg
i,0,20200909,071948,53,2,1568,641,1628,720,CAM0/20200909071948.jpg
i,0,20200909,071951,41,2,1568,641,1626,718,CAM0/20200909071951.jpg
i,0,20200909,071954,56,2,1565,645,1627,717,CAM0/20200909071954.jpg
i,0,20200909,071957,37,2,1567,643,1625,719,CAM0/20200909071957.jpg
i,0,20200909,072003,55,2,1567,647,1626,717,CAM0/20200909072003.jpg
i,0,20200909,072009,50,2,1566,643,1626,718,CAM0/20200909072009.jpg
i,0,20200909,072012,38,2,1568,645,1624,719,CAM0/20200909072012.jpg
i,0,20200909,072012,46,1,298,755,341,785,CAM0/20200909072012.jpg
i,0,20200909,072015,31,2,1569,651,1626,715,CAM0/20200909072015.jpg
i,0,20200909,072018,55,2,1566,643,1626,719,CAM0/20200909072018.jpg
i,0,20200909,072021,45,2,1566,647,1626,717,CAM0/20200909072021.jpg
i,0,20200909,072024,32,2,1567,644,1627,717,CAM0/20200909072024.jpg
i,0,20200909,072027,45,2,1567,641,1627,717,CAM0/20200909072027.jpg
i,0,20200909,072030,48,2,1566,644,1626,718,CAM0/20200909072030.jpg
i,0,20200909,072033,42,2,1567,645,1627,717,CAM0/20200909072033.jpg
i,0,20200909,072036,50,2,1565,647,1628,718,CAM0/20200909072036.jpg
i,0,20200909,072039,42,2,1566,647,1628,716,CAM0/20200909072039.jpg
i,0,20200909,072048,33,2,1567,645,1628,713,CAM0/20200909072048.jpg
i,0,20200909,072051,30,2,1567,648,1626,718,CAM0/20200909072051.jpg
i,0,20200909,072057,31,2,1567,645,1627,716,CAM0/20200909072057.jpg
i,0,20200909,072109,34,2,1566,648,1626,716,CAM0/20200909072109.jpg
i,0,20200909,072112,33,2,1566,647,1628,717,CAM0/20200909072112.jpg
i,0,20200909,072118,38,2,1567,645,1626,718,CAM0/20200909072118.jpg
i,0,20200909,072121,31,2,1566,648,1628,713,CAM0/20200909072121.jpg
i,0,20200909,072127,35,2,1566,647,1628,715,CAM0/20200909072127.jpg
i,0,20200909,072130,32,2,1568,645,1627,717,CAM0/20200909072130.jpg
i,0,20200909,072133,57,2,1568,642,1626,717,CAM0/20200909072133.jpg
i,0,20200909,072139,35,2,1568,645,1626,717,CAM0/20200909072139.jpg
i,0,20200909,072142,36,2,1567,647,1627,714,CAM0/20200909072142.jpg
i,0,20200909,072148,38,2,1566,648,1628,716,CAM0/20200909072148.jpg
i,0,20200909,072151,37,2,1565,648,1627,717,CAM0/20200909072151.jpg
i,0,20200909,072154,40,2,1566,645,1627,715,CAM0/20200909072154.jpg
i,0,20200909,072157,37,2,1570,644,1627,716,CAM0/20200909072157.jpg
i,0,20200909,072206,35,2,1566,648,1626,716,CAM0/20200909072206.jpg
i,0,20200909,072209,38,2,1568,645,1628,718,CAM0/20200909072209.jpg
i,0,20200909,072212,44,2,1566,643,1627,718,CAM0/20200909072212.jpg
i,0,20200909,072227,40,2,1566,646,1627,714,CAM0/20200909072227.jpg
i,0,20200909,072248,39,2,1567,649,1628,713,CAM0/20200909072248.jpg
i,0,20200909,072251,33,2,1567,647,1626,716,CAM0/20200909072251.jpg
i,0,20200909,072300,33,2,1566,644,1628,717,CAM0/20200909072300.jpg
i,0,20200909,072303,39,2,1567,647,1627,714,CAM0/20200909072303.jpg
i,0,20200909,072312,38,2,1568,647,1626,714,CAM0/20200909072312.jpg
i,0,20200909,072312,33,1,298,756,340,786,CAM0/20200909072312.jpg
i,0,20200909,072315,31,2,1570,645,1626,716,CAM0/20200909072315.jpg
i,0,20200909,072333,35,2,1568,646,1626,715,CAM0/20200909072333.jpg
i,0,20200909,072339,39,2,1567,646,1628,712,CAM0/20200909072339.jpg
i,0,20200909,072342,35,2,1567,648,1627,715,CAM0/20200909072342.jpg
i,0,20200909,072351,39,2,1565,648,1628,715,CAM0/20200909072351.jpg
i,0,20200909,072357,50,2,1567,645,1628,716,CAM0/20200909072357.jpg
i,0,20200909,072430,46,2,1565,647,1628,716,CAM0/20200909072430.jpg
i,0,20200909,072436,45,2,1567,646,1628,715,CAM0/20200909072436.jpg
i,0,20200909,072439,41,2,1565,650,1626,716,CAM0/20200909072439.jpg
i,0,20200909,072442,35,2,1559,652,1630,717,CAM0/20200909072442.jpg
i,0,20200909,072445,50,2,1564,646,1627,717,CAM0/20200909072445.jpg
i,0,20200909,072448,41,2,1565,648,1627,718,CAM0/20200909072448.jpg
i,0,20200909,072451,43,2,1565,646,1627,715,CAM0/20200909072451.jpg
i,0,20200909,072503,35,2,1566,648,1626,719,CAM0/20200909072503.jpg
i,0,20200909,072512,52,2,1565,648,1626,713,CAM0/20200909072512.jpg
i,0,20200909,072515,47,2,1565,648,1626,715,CAM0/20200909072515.jpg
i,0,20200909,072518,30,2,1566,647,1627,714,CAM0/20200909072518.jpg
i,0,20200909,072521,45,2,1563,647,1628,717,CAM0/20200909072521.jpg
i,0,20200909,072551,33,2,1564,649,1626,715,CAM0/20200909072551.jpg
i,0,20200909,072557,44,2,1564,647,1626,716,CAM0/20200909072557.jpg
i,0,20200909,072703,32,2,1565,647,1625,716,CAM0/20200909072703.jpg
i,0,20200909,072745,34,2,1566,648,1626,713,CAM0/20200909072745.jpg
i,0,20200909,072748,37,2,1566,649,1627,714,CAM0/20200909072748.jpg
i,0,20200909,072757,32,2,1565,647,1625,718,CAM0/20200909072757.jpg
i,0,20200909,072800,32,2,1566,648,1624,715,CAM0/20200909072800.jpg
i,0,20200909,072806,32,2,1565,648,1625,718,CAM0/20200909072806.jpg
i,0,20200909,072827,36,2,1565,649,1626,715,CAM0/20200909072827.jpg
i,0,20200909,072903,30,2,1566,648,1626,715,CAM0/20200909072903.jpg
i,0,20200909,072936,31,2,1565,650,1626,713,CAM0/20200909072936.jpg
i,0,20200909,073000,45,2,1566,648,1625,715,CAM0/20200909073000.jpg
i,0,20200909,073012,30,2,1565,650,1625,717,CAM0/20200909073012.jpg
i,0,20200909,073030,30,2,1565,650,1626,719,CAM0/20200909073030.jpg
i,0,20200909,073118,42,2,1564,648,1626,715,CAM0/20200909073118.jpg
i,0,20200909,073151,43,2,1566,650,1625,715,CAM0/20200909073151.jpg
i,0,20200909,073218,33,2,1565,650,1626,717,CAM0/20200909073218.jpg
i,0,20200909,073245,36,2,1565,649,1627,716,CAM0/20200909073245.jpg
i,0,20200909,073248,31,2,1567,647,1627,713,CAM0/20200909073248.jpg
i,0,20200909,073251,38,2,1564,649,1627,718,CAM0/20200909073251.jpg
i,0,20200909,073406,35,2,1564,651,1627,717,CAM0/20200909073406.jpg
i,0,20200909,073454,35,2,1567,649,1627,715,CAM0/20200909073454.jpg
i,0,20200909,073509,34,2,1565,649,1628,717,CAM0/20200909073509.jpg
i,0,20200909,073524,37,2,1565,648,1626,717,CAM0/20200909073524.jpg
i,0,20200909,073527,35,2,1566,648,1626,718,CAM0/20200909073527.jpg
i,0,20200909,073530,36,2,1565,650,1628,717,CAM0/20200909073530.jpg
i,0,20200909,073533,40,2,1566,647,1625,719,CAM0/20200909073533.jpg
i,0,20200909,073633,36,2,1566,648,1625,718,CAM0/20200909073633.jpg
i,0,20200909,073636,44,2,1565,650,1626,716,CAM0/20200909073636.jpg
i,0,20200909,073645,33,2,1564,648,1626,717,CAM0/20200909073645.jpg
i,0,20200909,073654,39,2,1566,647,1624,719,CAM0/20200909073654.jpg
i,0,20200909,073703,36,2,1566,649,1624,718,CAM0/20200909073703.jpg
i,0,20200909,073706,31,2,1566,649,1625,715,CAM0/20200909073706.jpg
i,0,20200909,073718,33,2,1565,649,1627,716,CAM0/20200909073718.jpg
i,0,20200909,073748,32,2,1565,648,1627,717,CAM0/20200909073748.jpg
i,0,20200909,073751,38,2,1565,649,1626,718,CAM0/20200909073751.jpg
i,0,20200909,073754,32,2,1565,649,1626,717,CAM0/20200909073754.jpg
i,0,20200909,073803,31,2,1566,650,1626,717,CAM0/20200909073803.jpg
i,0,20200909,073833,37,2,1565,648,1627,716,CAM0/20200909073833.jpg
i,0,20200909,073836,32,2,1566,648,1627,717,CAM0/20200909073836.jpg
i,0,20200909,073912,36,2,1565,649,1627,718,CAM0/20200909073912.jpg
i,0,20200909,074000,38,2,1565,649,1626,716,CAM0/20200909074000.jpg
i,0,20200909,074048,31,2,1565,648,1627,719,CAM0/20200909074048.jpg
i,0,20200909,074151,38,2,1566,650,1625,713,CAM0/20200909074151.jpg
i,0,20200909,074233,31,2,1565,650,1626,718,CAM0/20200909074233.jpg
i,0,20200909,074333,32,2,1566,651,1626,714,CAM0/20200909074333.jpg
i,0,20200909,074533,31,2,1565,651,1626,716,CAM0/20200909074533.jpg
i,0,20200909,074542,31,2,1565,649,1625,719,CAM0/20200909074542.jpg
i,0,20200909,074615,31,2,1566,650,1625,715,CAM0/20200909074615.jpg
i,0,20200909,074718,31,2,1565,648,1626,717,CAM0/20200909074718.jpg
i,0,20200909,074739,32,2,1566,648,1625,716,CAM0/20200909074739.jpg
i,0,20200909,075751,32,1,297,760,338,787,CAM0/20200909075751.jpg
i,0,20200909,075839,33,2,1565,650,1627,716,CAM0/20200909075839.jpg
i,0,20200909,075848,34,2,1566,648,1626,716,CAM0/20200909075848.jpg
i,0,20200909,075900,41,2,1566,651,1625,717,CAM0/20200909075900.jpg
i,0,20200909,075903,38,2,1566,650,1626,716,CAM0/20200909075903.jpg
i,0,20200909,075906,33,2,1566,651,1626,718,CAM0/20200909075906.jpg
i,0,20200909,075921,33,2,1565,651,1626,717,CAM0/20200909075921.jpg
i,0,20200909,075924,34,2,1566,652,1625,716,CAM0/20200909075924.jpg
i,0,20200909,080018,33,2,1566,655,1626,715,CAM0/20200909080018.jpg
i,0,20200909,080042,33,2,1567,652,1625,715,CAM0/20200909080042.jpg
i,0,20200909,080145,36,2,1566,650,1627,716,CAM0/20200909080145.jpg
i,0,20200909,080154,36,2,1567,651,1625,717,CAM0/20200909080154.jpg
i,0,20200909,080221,34,2,1566,651,1626,717,CAM0/20200909080221.jpg
i,0,20200909,080324,33,2,1566,647,1627,718,CAM0/20200909080324.jpg
i,0,20200909,080330,31,2,1564,648,1628,719,CAM0/20200909080330.jpg
i,0,20200909,080345,37,1,298,765,344,793,CAM0/20200909080345.jpg
i,0,20200909,080354,37,2,1566,647,1627,719,CAM0/20200909080354.jpg
i,0,20200909,080354,34,1,298,764,342,792,CAM0/20200909080354.jpg
i,0,20200909,080400,33,2,1566,647,1625,718,CAM0/20200909080400.jpg
i,0,20200909,080406,48,1,297,763,342,792,CAM0/20200909080406.jpg
i,0,20200909,080409,56,1,298,764,343,793,CAM0/20200909080409.jpg
i,0,20200909,080412,68,1,298,763,344,792,CAM0/20200909080412.jpg
i,0,20200909,080424,35,1,298,764,343,792,CAM0/20200909080424.jpg
i,0,20200909,080439,31,2,1567,649,1625,717,CAM0/20200909080439.jpg
i,0,20200909,080454,31,2,1566,649,1626,717,CAM0/20200909080454.jpg
i,0,20200909,080457,45,1,299,764,344,792,CAM0/20200909080457.jpg
i,0,20200909,080503,36,1,299,764,341,791,CAM0/20200909080503.jpg
i,0,20200909,080518,33,2,1567,648,1625,718,CAM0/20200909080518.jpg
i,0,20200909,080518,35,1,297,763,342,792,CAM0/20200909080518.jpg
i,0,20200909,080524,32,2,1566,647,1626,718,CAM0/20200909080524.jpg
i,0,20200909,080527,31,2,1567,646,1626,718,CAM0/20200909080527.jpg
i,0,20200909,080536,63,1,296,763,345,792,CAM0/20200909080536.jpg
i,0,20200909,080542,38,2,1565,646,1627,719,CAM0/20200909080542.jpg
i,0,20200909,080551,65,1,296,764,342,792,CAM0/20200909080551.jpg
i,0,20200909,080606,33,1,299,764,343,793,CAM0/20200909080606.jpg
i,0,20200909,081109,42,1,297,765,343,794,CAM0/20200909081109.jpg
i,0,20200909,081118,33,1,298,765,344,794,CAM0/20200909081118.jpg
i,0,20200909,081121,56,1,297,766,343,795,CAM0/20200909081121.jpg
i,0,20200909,081124,51,1,298,766,344,795,CAM0/20200909081124.jpg
i,0,20200909,081136,34,1,296,765,343,795,CAM0/20200909081136.jpg
i,0,20200909,081209,32,1,298,766,342,794,CAM0/20200909081209.jpg
i,0,20200909,081227,59,1,298,764,344,794,CAM0/20200909081227.jpg
i,0,20200909,081239,43,1,297,766,342,795,CAM0/20200909081239.jpg
i,0,20200909,081300,43,1,297,767,343,795,CAM0/20200909081300.jpg
i,0,20200909,081330,39,1,299,766,342,794,CAM0/20200909081330.jpg
i,0,20200909,081336,41,1,297,765,342,793,CAM0/20200909081336.jpg
i,0,20200909,081342,58,1,297,765,344,794,CAM0/20200909081342.jpg
i,0,20200909,081351,31,1,299,767,343,794,CAM0/20200909081351.jpg
i,0,20200909,081403,46,1,298,766,343,795,CAM0/20200909081403.jpg
i,0,20200909,081445,32,1,297,766,342,794,CAM0/20200909081445.jpg
i,0,20200909,081454,36,1,297,766,340,794,CAM0/20200909081454.jpg
i,0,20200909,081500,59,1,297,766,342,794,CAM0/20200909081500.jpg
i,0,20200909,081506,36,1,297,764,341,793,CAM0/20200909081506.jpg
i,0,20200909,081509,32,1,298,764,344,793,CAM0/20200909081509.jpg
i,0,20200909,081539,67,1,297,765,343,794,CAM0/20200909081539.jpg
i,0,20200909,081557,39,1,298,766,343,794,CAM0/20200909081557.jpg
i,0,20200909,081618,39,1,297,766,341,793,CAM0/20200909081618.jpg
i,0,20200909,081627,32,1,297,765,341,793,CAM0/20200909081627.jpg
i,0,20200909,081654,47,1,298,765,343,793,CAM0/20200909081654.jpg
i,0,20200909,081730,35,1,297,766,342,795,CAM0/20200909081730.jpg
i,0,20200909,081742,53,1,296,765,342,794,CAM0/20200909081742.jpg
i,0,20200909,081751,54,1,296,764,343,794,CAM0/20200909081751.jpg
i,0,20200909,081812,36,1,296,766,342,795,CAM0/20200909081812.jpg
i,0,20200909,081815,49,1,297,765,341,794,CAM0/20200909081815.jpg
i,0,20200909,081830,41,1,296,766,341,794,CAM0/20200909081830.jpg
i,0,20200909,081833,59,1,296,766,343,796,CAM0/20200909081833.jpg
i,0,20200909,081909,49,1,297,766,342,793,CAM0/20200909081909.jpg
i,0,20200909,082124,88,1,294,763,343,796,CAM0/20200909082124.jpg
i,0,20200909,082130,48,1,296,765,343,795,CAM0/20200909082130.jpg
i,0,20200909,082221,42,1,297,765,341,793,CAM0/20200909082221.jpg
i,0,20200909,082227,77,1,295,764,343,797,CAM0/20200909082227.jpg
i,0,20200909,082239,34,1,298,767,343,795,CAM0/20200909082239.jpg
i,0,20200909,082554,57,1,297,765,341,794,CAM0/20200909082554.jpg
i,0,20200909,083909,36,2,1049,586,1109,660,CAM0/20200909083909.jpg
i,0,20200909,084121,51,1,298,768,345,796,CAM0/20200909084121.jpg
i,0,20200909,090339,32,2,1351,687,1413,771,CAM0/20200909090339.jpg
i,0,20200909,090618,31,2,1354,692,1412,771,CAM0/20200909090618.jpg
i,0,20200909,090642,31,2,1353,689,1413,771,CAM0/20200909090642.jpg
i,0,20200909,090712,72,2,601,87,691,153,CAM0/20200909090712.jpg
i,0,20200909,100503,40,8,525,197,704,329,CAM0/20200909100503.jpg
i,0,20200909,102424,59,1,299,773,345,803,CAM0/20200909102424.jpg
i,0,20200909,103418,36,1,297,772,346,803,CAM0/20200909103418.jpg
i,0,20200909,123215,41,1,299,775,343,800,CAM0/20200909123215.jpg
i,0,20200909,123518,46,1,299,772,344,799,CAM0/20200909123518.jpg
i,0,20200909,123545,40,1,298,772,343,799,CAM0/20200909123545.jpg
i,0,20200909,124230,31,1,298,777,340,803,CAM0/20200909124230.jpg
i,0,20200909,125012,37,1,297,778,338,803,CAM0/20200909125012.jpg
i,0,20200909,131815,34,1,300,784,339,809,CAM0/20200909131815.jpg
i,0,20200909,132039,30,1,299,782,339,808,CAM0/20200909132039.jpg
i,0,20200909,132227,42,1,299,782,339,808,CAM0/20200909132227.jpg
i,0,20200909,132257,33,1,300,783,337,808,CAM0/20200909132257.jpg
i,0,20200909,132312,41,1,299,783,338,807,CAM0/20200909132312.jpg
i,0,20200909,132603,33,1,299,784,337,809,CAM0/20200909132603.jpg
i,0,20200909,132618,38,1,299,784,337,808,CAM0/20200909132618.jpg
i,0,20200909,132830,57,1,300,783,339,808,CAM0/20200909132830.jpg
i,0,20200909,132842,49,1,299,783,338,808,CAM0/20200909132842.jpg
i,0,20200909,132851,45,1,299,783,338,808,CAM0/20200909132851.jpg
i,0,20200909,132857,53,1,298,783,339,809,CAM0/20200909132857.jpg
i,0,20200909,132900,56,1,298,782,339,809,CAM0/20200909132900.jpg
i,0,20200909,132903,63,1,299,783,340,808,CAM0/20200909132903.jpg
i,0,20200909,132906,57,1,298,783,339,810,CAM0/20200909132906.jpg
i,0,20200909,132909,52,1,297,782,337,809,CAM0/20200909132909.jpg
i,0,20200909,132912,54,1,298,783,338,809,CAM0/20200909132912.jpg
i,0,20200909,132915,31,1,300,784,339,808,CAM0/20200909132915.jpg
i,0,20200909,132918,47,1,299,785,339,809,CAM0/20200909132918.jpg
i,0,20200909,132921,36,1,300,784,338,808,CAM0/20200909132921.jpg
i,0,20200909,132924,79,1,297,783,339,809,CAM0/20200909132924.jpg
i,0,20200909,132927,67,1,298,783,339,809,CAM0/20200909132927.jpg
i,0,20200909,132930,58,1,299,783,339,810,CAM0/20200909132930.jpg
i,0,20200909,132933,66,1,299,783,339,809,CAM0/20200909132933.jpg
i,0,20200909,132936,43,1,298,784,338,810,CAM0/20200909132936.jpg
i,0,20200909,132939,39,1,299,784,339,808,CAM0/20200909132939.jpg
i,0,20200909,132942,63,1,299,784,339,809,CAM0/20200909132942.jpg
i,0,20200909,132945,74,1,298,783,339,809,CAM0/20200909132945.jpg
i,0,20200909,132948,59,1,299,783,339,809,CAM0/20200909132948.jpg
i,0,20200909,132951,75,1,298,782,340,809,CAM0/20200909132951.jpg
i,0,20200909,132954,67,1,298,784,337,809,CAM0/20200909132954.jpg
i,0,20200909,132957,56,1,299,783,339,810,CAM0/20200909132957.jpg
i,0,20200909,133000,73,1,298,783,338,809,CAM0/20200909133000.jpg
i,0,20200909,133003,75,1,298,784,338,809,CAM0/20200909133003.jpg
i,0,20200909,133009,67,1,299,784,338,809,CAM0/20200909133009.jpg
i,0,20200909,133012,68,1,298,783,338,809,CAM0/20200909133012.jpg
i,0,20200909,133015,42,1,300,785,338,809,CAM0/20200909133015.jpg
i,0,20200909,133018,81,1,298,783,339,809,CAM0/20200909133018.jpg
i,0,20200909,133021,83,1,298,783,339,810,CAM0/20200909133021.jpg
i,0,20200909,133024,54,1,299,784,337,808,CAM0/20200909133024.jpg
i,0,20200909,133027,38,1,300,785,338,808,CAM0/20200909133027.jpg
i,0,20200909,133030,58,1,299,783,337,809,CAM0/20200909133030.jpg
i,0,20200909,133033,67,1,298,783,338,810,CAM0/20200909133033.jpg
i,0,20200909,133036,40,1,299,784,337,808,CAM0/20200909133036.jpg
i,0,20200909,133039,73,1,298,783,340,808,CAM0/20200909133039.jpg
i,0,20200909,133042,42,1,299,785,337,809,CAM0/20200909133042.jpg
i,0,20200909,133045,67,1,299,783,338,809,CAM0/20200909133045.jpg
i,0,20200909,133048,53,1,299,784,337,809,CAM0/20200909133048.jpg
i,0,20200909,133051,67,1,298,783,338,809,CAM0/20200909133051.jpg
i,0,20200909,133057,70,1,298,783,337,809,CAM0/20200909133057.jpg
i,0,20200909,133100,50,1,299,783,337,808,CAM0/20200909133100.jpg
i,0,20200909,133103,32,1,300,784,337,808,CAM0/20200909133103.jpg
i,0,20200909,133106,67,1,298,783,337,809,CAM0/20200909133106.jpg
i,0,20200909,133109,61,1,299,784,338,809,CAM0/20200909133109.jpg
i,0,20200909,133115,35,1,300,785,337,809,CAM0/20200909133115.jpg
i,0,20200909,133118,46,1,300,785,337,809,CAM0/20200909133118.jpg
i,0,20200909,133133,30,1,299,786,335,810,CAM0/20200909133133.jpg
i,0,20200909,133145,46,1,299,783,338,808,CAM0/20200909133145.jpg
i,0,20200909,133157,46,1,299,784,337,809,CAM0/20200909133157.jpg
i,0,20200909,133203,42,1,297,784,336,808,CAM0/20200909133203.jpg
i,0,20200909,133206,38,6,1362,746,1440,824,CAM0/20200909133206.jpg
i,0,20200909,133218,30,1,298,784,335,808,CAM0/20200909133218.jpg
i,0,20200909,133224,35,1,298,784,335,807,CAM0/20200909133224.jpg
i,0,20200909,133230,33,1,299,784,336,807,CAM0/20200909133230.jpg
i,0,20200909,133742,32,1,298,784,336,807,CAM0/20200909133742.jpg
i,0,20200909,133803,58,1,299,783,337,807,CAM0/20200909133803.jpg
i,0,20200909,133806,57,1,298,783,338,807,CAM0/20200909133806.jpg
i,0,20200909,133809,52,1,298,784,337,807,CAM0/20200909133809.jpg
i,0,20200909,133812,38,1,298,783,337,807,CAM0/20200909133812.jpg
i,0,20200909,133818,41,1,299,784,337,807,CAM0/20200909133818.jpg
i,0,20200909,133830,45,1,298,784,337,809,CAM0/20200909133830.jpg
i,0,20200909,133833,61,1,298,784,337,809,CAM0/20200909133833.jpg
i,0,20200909,133836,66,1,298,784,338,809,CAM0/20200909133836.jpg
i,0,20200909,133839,41,1,299,784,336,808,CAM0/20200909133839.jpg
i,0,20200909,133845,58,1,299,784,337,808,CAM0/20200909133845.jpg
i,0,20200909,133900,58,1,299,784,337,809,CAM0/20200909133900.jpg
i,0,20200909,133906,60,1,298,784,337,809,CAM0/20200909133906.jpg
i,0,20200909,133918,31,1,298,785,337,809,CAM0/20200909133918.jpg
i,0,20200909,133930,42,1,299,785,337,809,CAM0/20200909133930.jpg
i,0,20200909,133939,31,1,299,785,336,809,CAM0/20200909133939.jpg
i,0,20200909,133948,37,1,298,784,335,808,CAM0/20200909133948.jpg
i,0,20200909,134003,54,1,298,783,337,808,CAM0/20200909134003.jpg
i,0,20200909,134042,52,1,297,782,338,808,CAM0/20200909134042.jpg
i,0,20200909,134054,47,1,298,784,337,807,CAM0/20200909134054.jpg
i,0,20200909,134057,53,1,298,784,336,808,CAM0/20200909134057.jpg
i,0,20200909,134100,31,1,298,784,336,808,CAM0/20200909134100.jpg
i,0,20200909,134112,44,1,298,784,336,807,CAM0/20200909134112.jpg
i,0,20200909,134115,58,1,297,784,337,808,CAM0/20200909134115.jpg
i,0,20200909,134121,68,1,298,783,337,807,CAM0/20200909134121.jpg
i,0,20200909,134124,46,1,298,784,337,808,CAM0/20200909134124.jpg
i,0,20200909,134127,32,1,298,785,336,808,CAM0/20200909134127.jpg
i,0,20200909,134130,39,1,299,785,336,807,CAM0/20200909134130.jpg
i,0,20200909,134136,31,1,299,784,337,808,CAM0/20200909134136.jpg
i,0,20200909,134139,42,1,299,784,338,807,CAM0/20200909134139.jpg
i,0,20200909,134142,76,1,299,784,338,808,CAM0/20200909134142.jpg
i,0,20200909,134145,46,1,297,784,337,808,CAM0/20200909134145.jpg
i,0,20200909,134148,35,1,300,785,336,808,CAM0/20200909134148.jpg
i,0,20200909,134151,56,1,298,784,336,808,CAM0/20200909134151.jpg
i,0,20200909,134154,65,1,297,783,336,807,CAM0/20200909134154.jpg
i,0,20200909,134157,37,1,298,786,337,809,CAM0/20200909134157.jpg
i,0,20200909,134200,64,1,297,782,337,808,CAM0/20200909134200.jpg
i,0,20200909,134203,47,1,297,783,335,808,CAM0/20200909134203.jpg
i,0,20200909,134209,64,1,297,783,337,808,CAM0/20200909134209.jpg
i,0,20200909,134215,54,1,298,783,338,808,CAM0/20200909134215.jpg
i,0,20200909,134218,66,1,296,784,336,808,CAM0/20200909134218.jpg
i,0,20200909,134221,50,1,297,783,336,807,CAM0/20200909134221.jpg
i,0,20200909,134224,45,1,298,783,337,808,CAM0/20200909134224.jpg
i,0,20200909,134227,68,1,298,782,339,808,CAM0/20200909134227.jpg
i,0,20200909,134236,45,1,298,784,336,808,CAM0/20200909134236.jpg
i,0,20200909,134239,51,1,298,783,337,807,CAM0/20200909134239.jpg
i,0,20200909,134242,63,1,298,784,337,808,CAM0/20200909134242.jpg
i,0,20200909,134245,47,1,298,783,337,808,CAM0/20200909134245.jpg
i,0,20200909,134248,54,1,298,783,338,808,CAM0/20200909134248.jpg
i,0,20200909,134257,33,1,299,785,336,808,CAM0/20200909134257.jpg
i,0,20200909,134300,35,1,299,783,338,807,CAM0/20200909134300.jpg
i,0,20200909,134312,46,1,298,784,337,808,CAM0/20200909134312.jpg
i,0,20200909,134318,60,1,298,783,337,809,CAM0/20200909134318.jpg
i,0,20200909,134324,37,1,299,784,337,808,CAM0/20200909134324.jpg
i,0,20200909,134330,34,1,300,784,339,808,CAM0/20200909134330.jpg
i,0,20200909,134333,38,1,300,785,338,808,CAM0/20200909134333.jpg
i,0,20200909,134345,54,1,297,783,338,808,CAM0/20200909134345.jpg
i,0,20200909,134357,35,1,300,784,337,809,CAM0/20200909134357.jpg
i,0,20200909,134436,35,1,297,784,335,808,CAM0/20200909134436.jpg
i,0,20200909,134651,41,1,299,784,338,808,CAM0/20200909134651.jpg
i,0,20200909,134706,31,1,299,783,338,808,CAM0/20200909134706.jpg
i,0,20200909,134712,45,1,298,783,339,808,CAM0/20200909134712.jpg
i,0,20200909,134745,39,1,298,784,339,809,CAM0/20200909134745.jpg
i,0,20200909,134754,31,1,299,784,338,809,CAM0/20200909134754.jpg
i,0,20200909,134821,31,1,300,784,337,808,CAM0/20200909134821.jpg
i,0,20200909,135054,32,1,300,784,337,808,CAM0/20200909135054.jpg
i,0,20200909,135100,35,1,300,784,336,808,CAM0/20200909135100.jpg
i,0,20200909,135103,49,1,299,783,338,808,CAM0/20200909135103.jpg
i,0,20200909,135115,37,1,299,783,336,808,CAM0/20200909135115.jpg
i,0,20200909,135118,47,1,299,783,337,809,CAM0/20200909135118.jpg
i,0,20200909,135133,37,1,300,784,338,809,CAM0/20200909135133.jpg
i,0,20200909,135139,54,1,298,783,337,808,CAM0/20200909135139.jpg
i,0,20200909,135145,35,1,299,784,336,808,CAM0/20200909135145.jpg
i,0,20200909,135151,73,1,299,783,338,808,CAM0/20200909135151.jpg
i,0,20200909,135154,45,1,299,783,337,809,CAM0/20200909135154.jpg
i,0,20200909,135200,38,1,299,783,337,808,CAM0/20200909135200.jpg
i,0,20200909,135203,41,1,300,784,338,808,CAM0/20200909135203.jpg
i,0,20200909,135209,60,1,298,783,337,809,CAM0/20200909135209.jpg
i,0,20200909,135212,53,1,298,783,337,809,CAM0/20200909135212.jpg
i,0,20200909,135218,32,1,299,784,337,810,CAM0/20200909135218.jpg
i,0,20200909,135221,53,1,298,783,338,808,CAM0/20200909135221.jpg
i,0,20200909,135224,50,1,297,783,337,810,CAM0/20200909135224.jpg
i,0,20200909,135233,69,1,298,783,338,809,CAM0/20200909135233.jpg
i,0,20200909,135236,59,1,297,784,336,809,CAM0/20200909135236.jpg
i,0,20200909,135239,41,1,298,784,336,810,CAM0/20200909135239.jpg
i,0,20200909,135242,31,1,300,785,337,809,CAM0/20200909135242.jpg
i,0,20200909,135248,37,1,299,784,336,810,CAM0/20200909135248.jpg
i,0,20200909,135251,59,1,298,783,338,809,CAM0/20200909135251.jpg
i,0,20200909,135254,44,1,299,784,337,809,CAM0/20200909135254.jpg
i,0,20200909,135300,62,1,298,783,338,809,CAM0/20200909135300.jpg
i,0,20200909,135303,73,1,298,784,339,810,CAM0/20200909135303.jpg
i,0,20200909,135306,52,1,298,784,338,809,CAM0/20200909135306.jpg
i,0,20200909,135309,46,1,298,784,337,810,CAM0/20200909135309.jpg
i,0,20200909,135312,80,1,297,783,338,810,CAM0/20200909135312.jpg
i,0,20200909,135315,72,1,298,783,338,809,CAM0/20200909135315.jpg
i,0,20200909,135318,39,1,299,784,336,809,CAM0/20200909135318.jpg
i,0,20200909,135321,55,1,298,784,337,810,CAM0/20200909135321.jpg
i,0,20200909,135324,58,1,297,783,337,809,CAM0/20200909135324.jpg
i,0,20200909,135327,38,1,298,785,336,809,CAM0/20200909135327.jpg
i,0,20200909,135330,57,1,297,784,336,810,CAM0/20200909135330.jpg
i,0,20200909,135339,59,1,298,784,336,809,CAM0/20200909135339.jpg
i,0,20200909,135345,61,1,298,783,338,809,CAM0/20200909135345.jpg
i,0,20200909,135348,52,1,299,784,338,808,CAM0/20200909135348.jpg
i,0,20200909,135351,65,1,297,783,337,809,CAM0/20200909135351.jpg
i,0,20200909,135354,56,1,297,784,335,809,CAM0/20200909135354.jpg
i,0,20200909,135357,31,1,298,784,335,808,CAM0/20200909135357.jpg
i,0,20200909,135400,51,1,298,783,336,809,CAM0/20200909135400.jpg
i,0,20200909,135403,32,1,299,784,335,809,CAM0/20200909135403.jpg
i,0,20200909,135406,32,1,299,785,337,809,CAM0/20200909135406.jpg
i,0,20200909,135409,32,1,300,785,336,809,CAM0/20200909135409.jpg
i,0,20200909,135412,75,1,297,782,337,808,CAM0/20200909135412.jpg
i,0,20200909,135415,38,1,297,784,336,809,CAM0/20200909135415.jpg
i,0,20200909,135418,41,1,299,784,336,809,CAM0/20200909135418.jpg
i,0,20200909,135424,47,1,298,784,337,809,CAM0/20200909135424.jpg
i,0,20200909,135430,48,1,298,784,337,810,CAM0/20200909135430.jpg
i,0,20200909,135433,66,1,298,783,337,809,CAM0/20200909135433.jpg
i,0,20200909,135436,48,1,298,784,336,809,CAM0/20200909135436.jpg
i,0,20200909,135439,57,1,298,784,337,809,CAM0/20200909135439.jpg
i,0,20200909,135442,66,1,299,784,338,809,CAM0/20200909135442.jpg
i,0,20200909,135445,33,1,299,785,336,808,CAM0/20200909135445.jpg
i,0,20200909,135448,53,1,298,784,336,808,CAM0/20200909135448.jpg
i,0,20200909,135457,41,1,298,784,336,808,CAM0/20200909135457.jpg
i,0,20200909,135503,44,1,298,784,337,809,CAM0/20200909135503.jpg
i,0,20200909,135506,62,1,298,783,337,809,CAM0/20200909135506.jpg
i,0,20200909,135509,43,1,298,784,336,809,CAM0/20200909135509.jpg
i,0,20200909,135512,80,1,299,784,339,808,CAM0/20200909135512.jpg
i,0,20200909,135515,32,1,299,784,336,808,CAM0/20200909135515.jpg
i,0,20200909,135518,32,1,299,784,336,809,CAM0/20200909135518.jpg
i,0,20200909,135521,38,1,298,784,335,809,CAM0/20200909135521.jpg
i,0,20200909,135524,38,1,300,784,338,809,CAM0/20200909135524.jpg
i,0,20200909,135527,46,1,298,784,336,808,CAM0/20200909135527.jpg
i,0,20200909,135530,31,1,300,785,336,808,CAM0/20200909135530.jpg
i,0,20200909,135536,46,1,298,785,335,810,CAM0/20200909135536.jpg
i,0,20200909,135539,39,1,298,785,336,808,CAM0/20200909135539.jpg
i,0,20200909,135542,57,1,299,784,337,808,CAM0/20200909135542.jpg
i,0,20200909,135545,49,1,299,783,338,809,CAM0/20200909135545.jpg
i,0,20200909,135548,33,1,299,786,335,810,CAM0/20200909135548.jpg
i,0,20200909,135554,58,1,298,784,337,809,CAM0/20200909135554.jpg
i,0,20200909,135557,52,1,297,784,337,809,CAM0/20200909135557.jpg
i,0,20200909,135600,50,1,298,784,335,809,CAM0/20200909135600.jpg
i,0,20200909,135603,53,1,298,784,336,809,CAM0/20200909135603.jpg
i,0,20200909,135606,68,1,297,783,337,809,CAM0/20200909135606.jpg
i,0,20200909,135609,66,1,298,783,337,809,CAM0/20200909135609.jpg
i,0,20200909,135612,63,1,296,784,336,810,CAM0/20200909135612.jpg
i,0,20200909,135615,72,1,297,783,337,810,CAM0/20200909135615.jpg
i,0,20200909,135618,65,1,299,783,338,809,CAM0/20200909135618.jpg
i,0,20200909,135621,47,1,298,784,336,809,CAM0/20200909135621.jpg
i,0,20200909,135624,74,1,298,784,337,809,CAM0/20200909135624.jpg
i,0,20200909,135630,31,1,298,784,337,809,CAM0/20200909135630.jpg
i,0,20200909,135633,62,1,298,784,337,808,CAM0/20200909135633.jpg
i,0,20200909,135639,35,1,299,784,337,809,CAM0/20200909135639.jpg
i,0,20200909,135642,63,1,298,782,338,809,CAM0/20200909135642.jpg
i,0,20200909,135645,33,1,298,785,335,808,CAM0/20200909135645.jpg
i,0,20200909,135648,73,1,299,783,338,809,CAM0/20200909135648.jpg
i,0,20200909,135651,82,1,297,783,338,810,CAM0/20200909135651.jpg
i,0,20200909,135654,42,1,298,784,335,808,CAM0/20200909135654.jpg
i,0,20200909,135657,56,1,298,784,337,809,CAM0/20200909135657.jpg
i,0,20200909,135706,63,1,297,783,336,809,CAM0/20200909135706.jpg
i,0,20200909,135709,31,1,299,784,336,809,CAM0/20200909135709.jpg
i,0,20200909,135712,43,1,299,783,337,808,CAM0/20200909135712.jpg
i,0,20200909,135715,41,1,299,785,336,808,CAM0/20200909135715.jpg
i,0,20200909,135718,33,1,298,785,335,809,CAM0/20200909135718.jpg
i,0,20200909,135724,55,1,299,784,337,808,CAM0/20200909135724.jpg
i,0,20200909,135730,30,1,300,785,337,808,CAM0/20200909135730.jpg
i,0,20200909,135733,53,1,299,785,336,809,CAM0/20200909135733.jpg
i,0,20200909,135736,59,1,298,783,336,808,CAM0/20200909135736.jpg
i,0,20200909,135739,38,1,299,784,336,808,CAM0/20200909135739.jpg
i,0,20200909,135745,35,1,299,785,335,808,CAM0/20200909135745.jpg
i,0,20200909,135748,53,1,299,784,336,808,CAM0/20200909135748.jpg
i,0,20200909,135800,41,1,300,784,337,808,CAM0/20200909135800.jpg
i,0,20200909,135803,53,1,299,784,336,808,CAM0/20200909135803.jpg
i,0,20200909,135806,55,1,299,783,337,809,CAM0/20200909135806.jpg
i,0,20200909,135824,39,1,299,785,336,807,CAM0/20200909135824.jpg
i,0,20200909,135848,43,1,300,784,337,807,CAM0/20200909135848.jpg
i,0,20200909,135851,32,1,299,785,336,808,CAM0/20200909135851.jpg
i,0,20200909,135903,34,1,300,785,337,808,CAM0/20200909135903.jpg
i,0,20200909,140009,32,1,300,785,337,808,CAM0/20200909140009.jpg
i,0,20200909,140106,37,1,298,784,336,807,CAM0/20200909140106.jpg
i,0,20200909,140439,30,1,300,781,340,809,CAM0/20200909140439.jpg
i,0,20200909,140457,34,1,299,782,340,810,CAM0/20200909140457.jpg
i,0,20200909,140503,36,1,299,782,341,810,CAM0/20200909140503.jpg
i,0,20200909,140515,45,1,298,782,342,810,CAM0/20200909140515.jpg
i,0,20200909,140518,43,1,300,783,342,810,CAM0/20200909140518.jpg
i,0,20200909,140521,54,1,299,783,341,810,CAM0/20200909140521.jpg
i,0,20200909,140530,56,1,297,782,341,810,CAM0/20200909140530.jpg
i,0,20200909,140533,50,1,298,782,341,810,CAM0/20200909140533.jpg
i,0,20200909,140536,31,1,298,783,339,810,CAM0/20200909140536.jpg
i,0,20200909,140539,51,1,298,782,340,810,CAM0/20200909140539.jpg
i,0,20200909,140542,31,1,299,784,341,810,CAM0/20200909140542.jpg
i,0,20200909,140548,35,1,299,782,341,809,CAM0/20200909140548.jpg
i,0,20200909,140551,59,1,297,782,339,810,CAM0/20200909140551.jpg
i,0,20200909,140557,63,1,297,782,339,809,CAM0/20200909140557.jpg
i,0,20200909,140603,59,1,299,782,340,810,CAM0/20200909140603.jpg
i,0,20200909,140609,33,1,298,782,339,810,CAM0/20200909140609.jpg
i,0,20200909,140612,39,1,298,783,339,810,CAM0/20200909140612.jpg
i,0,20200909,140624,36,1,298,782,338,808,CAM0/20200909140624.jpg
i,0,20200909,140633,60,1,297,782,340,809,CAM0/20200909140633.jpg
i,0,20200909,140639,64,1,297,783,339,810,CAM0/20200909140639.jpg
i,0,20200909,140642,38,1,298,782,338,810,CAM0/20200909140642.jpg
i,0,20200909,140645,60,1,299,782,340,809,CAM0/20200909140645.jpg
i,0,20200909,140648,35,1,298,783,337,809,CAM0/20200909140648.jpg
i,0,20200909,140651,50,1,297,782,339,809,CAM0/20200909140651.jpg
i,0,20200909,140657,52,1,298,782,340,810,CAM0/20200909140657.jpg
i,0,20200909,140703,46,1,299,782,339,809,CAM0/20200909140703.jpg
i,0,20200909,140706,64,1,298,783,339,809,CAM0/20200909140706.jpg
i,0,20200909,140712,60,1,299,782,340,809,CAM0/20200909140712.jpg
i,0,20200909,140715,62,1,299,783,338,809,CAM0/20200909140715.jpg
i,0,20200909,140718,55,1,298,782,338,809,CAM0/20200909140718.jpg
i,0,20200909,140721,45,1,298,783,338,810,CAM0/20200909140721.jpg
i,0,20200909,140724,45,1,298,782,339,810,CAM0/20200909140724.jpg
i,0,20200909,140727,50,1,298,783,338,809,CAM0/20200909140727.jpg
i,0,20200909,140730,64,1,299,782,339,809,CAM0/20200909140730.jpg
i,0,20200909,140733,62,1,299,783,340,809,CAM0/20200909140733.jpg
i,0,20200909,140736,36,1,298,783,337,810,CAM0/20200909140736.jpg
i,0,20200909,140739,66,1,298,782,338,810,CAM0/20200909140739.jpg
i,0,20200909,140742,43,1,298,782,339,809,CAM0/20200909140742.jpg
i,0,20200909,140745,49,1,298,783,338,811,CAM0/20200909140745.jpg
i,0,20200909,140748,71,1,297,782,339,810,CAM0/20200909140748.jpg
i,0,20200909,140751,68,1,297,783,339,811,CAM0/20200909140751.jpg
i,0,20200909,140754,68,1,297,782,338,810,CAM0/20200909140754.jpg
i,0,20200909,140757,53,1,298,783,338,810,CAM0/20200909140757.jpg
i,0,20200909,140800,60,1,297,782,339,810,CAM0/20200909140800.jpg
i,0,20200909,140803,82,1,298,782,339,810,CAM0/20200909140803.jpg
i,0,20200909,140806,79,1,298,782,340,810,CAM0/20200909140806.jpg
i,0,20200909,140809,62,1,299,783,338,809,CAM0/20200909140809.jpg
i,0,20200909,140812,82,1,298,782,340,810,CAM0/20200909140812.jpg
i,0,20200909,140815,60,1,299,782,339,809,CAM0/20200909140815.jpg
i,0,20200909,140818,68,1,298,781,339,809,CAM0/20200909140818.jpg
i,0,20200909,140824,60,1,297,782,338,810,CAM0/20200909140824.jpg
i,0,20200909,140827,31,1,298,782,340,809,CAM0/20200909140827.jpg
i,0,20200909,140833,59,1,297,782,338,809,CAM0/20200909140833.jpg
i,0,20200909,140836,58,1,298,783,338,809,CAM0/20200909140836.jpg
i,0,20200909,140839,74,1,298,782,339,809,CAM0/20200909140839.jpg
i,0,20200909,140848,45,1,297,782,339,809,CAM0/20200909140848.jpg
i,0,20200909,140851,42,1,299,783,339,809,CAM0/20200909140851.jpg
i,0,20200909,140854,67,1,297,782,338,809,CAM0/20200909140854.jpg
i,0,20200909,140857,64,1,298,782,339,809,CAM0/20200909140857.jpg
i,0,20200909,140900,38,1,298,783,337,810,CAM0/20200909140900.jpg
i,0,20200909,140903,43,1,298,783,338,809,CAM0/20200909140903.jpg
i,0,20200909,140906,57,1,297,783,338,809,CAM0/20200909140906.jpg
i,0,20200909,140909,68,1,296,783,337,810,CAM0/20200909140909.jpg
i,0,20200909,140918,48,1,298,783,337,809,CAM0/20200909140918.jpg
i,0,20200909,140921,65,1,298,783,338,809,CAM0/20200909140921.jpg
i,0,20200909,140924,80,1,297,782,338,810,CAM0/20200909140924.jpg
i,0,20200909,140927,67,1,298,782,339,809,CAM0/20200909140927.jpg
i,0,20200909,140930,62,1,297,782,337,810,CAM0/20200909140930.jpg
i,0,20200909,140933,56,1,298,783,337,810,CAM0/20200909140933.jpg
i,0,20200909,140936,72,1,298,782,339,809,CAM0/20200909140936.jpg
i,0,20200909,140939,50,1,297,784,337,809,CAM0/20200909140939.jpg
i,0,20200909,140942,65,1,297,784,337,810,CAM0/20200909140942.jpg
i,0,20200909,140945,38,1,297,783,336,810,CAM0/20200909140945.jpg
i,0,20200909,140948,51,1,298,783,337,810,CAM0/20200909140948.jpg
i,0,20200909,140951,72,1,297,783,338,810,CAM0/20200909140951.jpg
i,0,20200909,140954,71,1,297,783,338,810,CAM0/20200909140954.jpg
i,0,20200909,140957,80,1,298,782,339,810,CAM0/20200909140957.jpg
i,0,20200909,141000,74,1,297,782,337,810,CAM0/20200909141000.jpg
i,0,20200909,141003,79,1,297,783,338,810,CAM0/20200909141003.jpg
i,0,20200909,141006,73,1,298,783,338,810,CAM0/20200909141006.jpg
i,0,20200909,141009,74,1,298,782,338,809,CAM0/20200909141009.jpg
i,0,20200909,141012,41,1,298,784,336,809,CAM0/20200909141012.jpg
i,0,20200909,141015,69,1,297,783,337,809,CAM0/20200909141015.jpg
i,0,20200909,141018,76,1,298,783,337,810,CAM0/20200909141018.jpg
i,0,20200909,141021,79,1,298,783,338,810,CAM0/20200909141021.jpg
i,0,20200909,141024,79,1,298,783,338,809,CAM0/20200909141024.jpg
i,0,20200909,141027,50,1,297,784,336,810,CAM0/20200909141027.jpg
i,0,20200909,141030,60,1,298,784,337,810,CAM0/20200909141030.jpg
i,0,20200909,141033,83,1,297,784,338,810,CAM0/20200909141033.jpg
i,0,20200909,141036,71,1,299,783,339,809,CAM0/20200909141036.jpg
i,0,20200909,141039,68,1,297,784,336,809,CAM0/20200909141039.jpg
i,0,20200909,141042,59,1,298,784,338,809,CAM0/20200909141042.jpg
i,0,20200909,141048,82,1,297,783,337,810,CAM0/20200909141048.jpg
i,0,20200909,141051,48,1,297,785,335,809,CAM0/20200909141051.jpg
i,0,20200909,141054,50,1,298,784,336,810,CAM0/20200909141054.jpg
i,0,20200909,141100,49,1,298,785,334,809,CAM0/20200909141100.jpg
i,0,20200909,141103,45,1,298,785,334,809,CAM0/20200909141103.jpg
i,0,20200909,141106,38,1,300,785,336,808,CAM0/20200909141106.jpg
i,0,20200909,141109,59,1,297,785,334,809,CAM0/20200909141109.jpg
i,0,20200909,141112,71,1,297,784,334,810,CAM0/20200909141112.jpg
i,0,20200909,142157,37,1,300,784,336,808,CAM0/20200909142157.jpg
i,0,20200909,142254,56,1,299,784,337,809,CAM0/20200909142254.jpg
i,0,20200909,143000,38,1,299,784,335,807,CAM0/20200909143000.jpg
i,0,20200909,143015,48,1,299,784,337,808,CAM0/20200909143015.jpg
i,0,20200909,144521,36,2,389,443,439,519,CAM0/20200909144521.jpg
i,0,20200909,144951,39,2,381,441,439,515,CAM0/20200909144951.jpg
i,0,20200909,144957,39,2,382,441,438,516,CAM0/20200909144957.jpg
i,0,20200909,145012,37,2,382,440,434,516,CAM0/20200909145012.jpg
i,0,20200909,145021,38,2,381,439,436,514,CAM0/20200909145021.jpg
i,0,20200909,145033,34,2,383,440,436,516,CAM0/20200909145033.jpg
i,0,20200909,145118,32,2,383,441,437,513,CAM0/20200909145118.jpg
i,0,20200909,145127,37,2,382,441,437,514,CAM0/20200909145127.jpg
i,0,20200909,145130,38,2,383,439,437,515,CAM0/20200909145130.jpg
i,0,20200909,145133,41,2,389,437,437,516,CAM0/20200909145133.jpg
i,0,20200909,145136,67,2,383,437,439,515,CAM0/20200909145136.jpg
i,0,20200909,145206,37,2,385,438,436,515,CAM0/20200909145206.jpg
i,0,20200909,145227,49,2,384,440,438,514,CAM0/20200909145227.jpg
i,0,20200909,145230,60,2,383,438,437,515,CAM0/20200909145230.jpg
i,0,20200909,145242,59,2,385,438,439,517,CAM0/20200909145242.jpg
i,0,20200909,145251,50,2,382,439,439,514,CAM0/20200909145251.jpg
i,0,20200909,145306,57,2,386,437,439,516,CAM0/20200909145306.jpg
i,0,20200909,145324,68,2,384,438,441,516,CAM0/20200909145324.jpg
i,0,20200909,145633,55,2,383,440,439,512,CAM0/20200909145633.jpg
i,0,20200909,151500,35,2,371,439,457,504,CAM0/20200909151500.jpg
i,0,20200909,152106,31,2,364,444,455,504,CAM0/20200909152106.jpg
i,0,20200909,153015,34,2,372,444,462,506,CAM0/20200909153015.jpg
i,0,20200909,153454,35,1,297,770,336,794,CAM0/20200909153454.jpg
i,0,20200909,153530,57,1,297,768,338,793,CAM0/20200909153530.jpg
i,0,20200909,153533,55,1,297,769,338,793,CAM0/20200909153533.jpg
i,0,20200909,153536,41,1,299,768,339,793,CAM0/20200909153536.jpg
i,0,20200909,153554,43,1,299,770,340,794,CAM0/20200909153554.jpg
i,0,20200909,153633,33,1,297,770,338,794,CAM0/20200909153633.jpg
i,0,20200909,153709,37,1,298,768,337,794,CAM0/20200909153709.jpg
i,0,20200909,154627,34,2,388,419,439,499,CAM0/20200909154627.jpg
i,0,20200909,154639,32,2,387,419,436,498,CAM0/20200909154639.jpg
i,0,20200909,154657,54,2,386,417,438,500,CAM0/20200909154657.jpg
i,0,20200909,154721,42,2,387,419,435,499,CAM0/20200909154721.jpg
i,0,20200909,154739,50,2,387,416,445,504,CAM0/20200909154739.jpg
i,0,20200909,154745,38,2,388,416,447,504,CAM0/20200909154745.jpg
i,0,20200909,154751,41,2,389,418,440,500,CAM0/20200909154751.jpg
i,0,20200909,154754,48,2,385,419,435,500,CAM0/20200909154754.jpg
i,0,20200909,154757,55,2,384,418,436,501,CAM0/20200909154757.jpg
i,0,20200909,154809,42,2,387,417,436,500,CAM0/20200909154809.jpg
i,0,20200909,155054,57,2,387,416,440,502,CAM0/20200909155054.jpg
i,0,20200909,155642,35,2,386,418,438,501,CAM0/20200909155642.jpg
i,0,20200909,155654,36,2,385,419,443,501,CAM0/20200909155654.jpg
i,0,20200909,155709,33,2,388,414,444,505,CAM0/20200909155709.jpg
i,0,20200909,155830,31,2,386,422,439,497,CAM0/20200909155830.jpg
i,0,20200909,155924,32,2,1571,647,1628,717,CAM0/20200909155924.jpg
i,0,20200909,160139,51,1,296,762,343,793,CAM0/20200909160139.jpg
i,0,20200909,160145,72,1,296,762,343,794,CAM0/20200909160145.jpg
i,0,20200909,160148,44,2,1308,938,1375,1016,CAM0/20200909160148.jpg
i,0,20200909,160151,68,2,797,689,852,763,CAM0/20200909160151.jpg
i,0,20200909,160157,77,6,520,746,613,811,CAM0/20200909160157.jpg
i,0,20200909,161848,32,2,383,416,446,501,CAM0/20200909161848.jpg
i,0,20200909,162545,30,3,375,424,466,496,CAM0/20200909162545.jpg
i,0,20200909,162845,24,6,375,423,458,493,CAM0/20200909162845.jpg
i,0,20200909,162857,39,6,391,416,448,496,CAM0/20200909162857.jpg
i,0,20200909,162918,21,6,374,427,459,491,CAM0/20200909162918.jpg
i,0,20200909,162918,35,3,372,435,461,497,CAM0/20200909162918.jpg
i,0,20200909,162924,31,6,389,420,448,496,CAM0/20200909162924.jpg
i,0,20200909,162927,29,6,389,419,448,496,CAM0/20200909162927.jpg
i,0,20200909,162930,37,6,388,419,448,495,CAM0/20200909162930.jpg
i,0,20200909,162933,25,6,389,417,447,496,CAM0/20200909162933.jpg
i,0,20200909,162951,22,6,388,417,447,495,CAM0/20200909162951.jpg
i,0,20200909,162954,33,6,390,415,448,498,CAM0/20200909162954.jpg
i,0,20200909,162957,30,6,389,418,448,496,CAM0/20200909162957.jpg
i,0,20200909,163042,23,6,390,418,448,497,CAM0/20200909163042.jpg
i,0,20200909,163045,24,6,391,415,449,499,CAM0/20200909163045.jpg
i,0,20200909,171300,52,2,1566,592,1621,666,CAM0/20200909171300.jpg
i,0,20200909,171306,54,2,1263,421,1342,496,CAM0/20200909171306.jpg
i,0,20200909,171627,61,2,634,928,691,991,CAM0/20200909171627.jpg
i,0,20200909,171933,62,1,493,793,538,830,CAM0/20200909171933.jpg
i,0,20200909,172030,37,1,540,840,579,870,CAM0/20200909172030.jpg
i,0,20200909,184348,40,1,1159,195,1190,224,CAM0/20200909184348.jpg
i,0,20200909,195324,55,4,1442,406,1505,492,CAM0/20200909195324.jpg
i,0,20200909,195357,55,4,1445,407,1506,487,CAM0/20200909195357.jpg
i,0,20200909,195400,43,4,1442,410,1503,493,CAM0/20200909195400.jpg
i,0,20200909,195403,35,4,1444,407,1505,491,CAM0/20200909195403.jpg
i,0,20200909,195406,32,4,1444,408,1505,491,CAM0/20200909195406.jpg
i,0,20200909,195424,43,4,1444,407,1505,489,CAM0/20200909195424.jpg
i,0,20200909,195427,50,4,1443,408,1506,488,CAM0/20200909195427.jpg
i,0,20200909,195439,30,4,1445,406,1506,490,CAM0/20200909195439.jpg
i,0,20200909,195445,40,4,1443,408,1503,489,CAM0/20200909195445.jpg
i,0,20200909,195448,35,4,1443,409,1503,490,CAM0/20200909195448.jpg
i,0,20200909,195512,52,4,1443,407,1505,494,CAM0/20200909195512.jpg
i,0,20200909,195518,41,4,1444,407,1506,490,CAM0/20200909195518.jpg
i,0,20200909,195533,53,1,297,753,343,784,CAM0/20200909195533.jpg
i,0,20200909,195600,38,4,1442,411,1504,490,CAM0/20200909195600.jpg
i,0,20200909,195603,31,4,1445,408,1505,490,CAM0/20200909195603.jpg
i,0,20200909,195606,36,4,1444,407,1504,491,CAM0/20200909195606.jpg
i,0,20200909,195606,41,1,298,754,341,785,CAM0/20200909195606.jpg
i,0,20200909,195612,40,4,1444,408,1503,492,CAM0/20200909195612.jpg
i,0,20200909,195612,32,1,298,755,340,784,CAM0/20200909195612.jpg
i,0,20200909,195639,41,1,299,754,341,783,CAM0/20200909195639.jpg
i,0,20200909,195657,38,1,298,754,339,785,CAM0/20200909195657.jpg
i,0,20200909,195706,55,1,298,754,343,784,CAM0/20200909195706.jpg
i,0,20200909,195727,50,1,297,753,343,784,CAM0/20200909195727.jpg
i,0,20200909,195730,38,1,298,754,340,784,CAM0/20200909195730.jpg
i,0,20200909,195733,40,1,298,755,342,785,CAM0/20200909195733.jpg
i,0,20200909,195736,47,1,298,754,341,784,CAM0/20200909195736.jpg
i,0,20200909,195742,44,4,1443,406,1504,490,CAM0/20200909195742.jpg
i,0,20200909,195751,53,1,299,754,342,784,CAM0/20200909195751.jpg
i,0,20200909,195757,46,4,1444,408,1504,489,CAM0/20200909195757.jpg
i,0,20200909,195800,31,4,1442,410,1502,492,CAM0/20200909195800.jpg
i,0,20200909,195803,39,4,1446,409,1504,490,CAM0/20200909195803.jpg
i,0,20200909,195803,68,1,297,753,343,785,CAM0/20200909195803.jpg
i,0,20200909,195809,53,4,1444,407,1503,489,CAM0/20200909195809.jpg
i,0,20200909,195809,58,1,299,754,343,784,CAM0/20200909195809.jpg
i,0,20200909,195815,30,4,1445,406,1505,490,CAM0/20200909195815.jpg
i,0,20200909,195815,54,1,298,753,343,785,CAM0/20200909195815.jpg
i,0,20200909,195824,43,1,298,754,340,785,CAM0/20200909195824.jpg
i,0,20200909,195833,40,1,299,754,343,784,CAM0/20200909195833.jpg
i,0,20200909,195836,54,4,1443,408,1502,490,CAM0/20200909195836.jpg
i,0,20200909,195836,66,1,297,754,343,784,CAM0/20200909195836.jpg
i,0,20200909,195839,46,1,299,754,341,784,CAM0/20200909195839.jpg
i,0,20200909,195842,52,1,298,753,343,785,CAM0/20200909195842.jpg
i,0,20200909,195848,32,4,1443,408,1503,490,CAM0/20200909195848.jpg
i,0,20200909,195854,35,1,299,754,341,785,CAM0/20200909195854.jpg
i,0,20200909,195900,52,4,1444,408,1503,491,CAM0/20200909195900.jpg
i,0,20200909,195900,47,1,298,755,340,784,CAM0/20200909195900.jpg
i,0,20200909,195903,51,1,298,754,342,784,CAM0/20200909195903.jpg
i,0,20200909,195906,34,1,299,755,341,784,CAM0/20200909195906.jpg
i,0,20200909,195912,51,1,298,754,343,784,CAM0/20200909195912.jpg
i,0,20200909,195915,64,1,300,754,343,785,CAM0/20200909195915.jpg
i,0,20200909,195918,59,4,1443,409,1505,492,CAM0/20200909195918.jpg
i,0,20200909,195918,41,1,299,754,342,784,CAM0/20200909195918.jpg
i,0,20200909,195927,35,1,298,755,343,784,CAM0/20200909195927.jpg
i,0,20200909,195930,52,1,299,754,341,784,CAM0/20200909195930.jpg
i,0,20200909,195936,65,1,299,755,343,783,CAM0/20200909195936.jpg
i,0,20200909,195939,36,1,299,755,340,783,CAM0/20200909195939.jpg
i,0,20200909,195942,44,4,1443,405,1501,491,CAM0/20200909195942.jpg
i,0,20200909,195945,44,4,1445,408,1504,490,CAM0/20200909195945.jpg
i,0,20200909,195948,50,1,300,751,341,779,CAM0/20200909195948.jpg
i,0,20200909,195951,44,4,1442,408,1502,490,CAM0/20200909195951.jpg
i,0,20200909,195957,63,1,298,753,341,784,CAM0/20200909195957.jpg
i,0,20200909,200003,47,4,1443,407,1503,490,CAM0/20200909200003.jpg
i,0,20200909,200009,33,4,1444,405,1503,491,CAM0/20200909200009.jpg
i,0,20200909,200009,41,1,298,755,341,783,CAM0/20200909200009.jpg
i,0,20200909,200012,76,1,298,755,342,783,CAM0/20200909200012.jpg
i,0,20200909,200015,38,4,1444,409,1504,492,CAM0/20200909200015.jpg
i,0,20200909,200015,66,1,296,754,341,784,CAM0/20200909200015.jpg
i,0,20200909,200018,45,1,299,754,342,784,CAM0/20200909200018.jpg
i,0,20200909,200021,60,4,1444,409,1504,490,CAM0/20200909200021.jpg
i,0,20200909,200024,52,1,298,755,341,784,CAM0/20200909200024.jpg
i,0,20200909,200027,30,4,1444,405,1503,491,CAM0/20200909200027.jpg
i,0,20200909,200027,57,1,298,754,343,784,CAM0/20200909200027.jpg
i,0,20200909,200033,49,1,298,754,343,784,CAM0/20200909200033.jpg
i,0,20200909,200036,38,4,1443,407,1504,490,CAM0/20200909200036.jpg
i,0,20200909,200039,64,1,296,754,341,784,CAM0/20200909200039.jpg
i,0,20200909,200045,62,1,298,754,342,783,CAM0/20200909200045.jpg
i,0,20200909,200048,38,1,298,753,342,785,CAM0/20200909200048.jpg
i,0,20200909,200054,66,4,1442,409,1504,490,CAM0/20200909200054.jpg
i,0,20200909,200054,43,1,299,755,342,784,CAM0/20200909200054.jpg
i,0,20200909,200057,45,4,1444,406,1505,492,CAM0/20200909200057.jpg
i,0,20200909,200057,39,1,299,754,343,784,CAM0/20200909200057.jpg
i,0,20200909,200100,35,1,299,754,342,783,CAM0/20200909200100.jpg
i,0,20200909,200103,43,1,299,754,343,783,CAM0/20200909200103.jpg
i,0,20200909,200106,40,1,298,753,343,784,CAM0/20200909200106.jpg
i,0,20200909,200109,46,1,296,753,346,785,CAM0/20200909200109.jpg
i,0,20200909,200112,32,1,299,754,343,784,CAM0/20200909200112.jpg
i,0,20200909,200115,43,4,1443,408,1503,493,CAM0/20200909200115.jpg
i,0,20200909,200115,41,1,299,754,341,784,CAM0/20200909200115.jpg
i,0,20200909,200118,35,4,1443,405,1502,491,CAM0/20200909200118.jpg
i,0,20200909,200118,41,1,299,754,342,783,CAM0/20200909200118.jpg
i,0,20200909,200121,60,1,299,755,340,784,CAM0/20200909200121.jpg
i,0,20200909,200127,56,1,299,754,343,783,CAM0/20200909200127.jpg
i,0,20200909,200130,56,1,298,754,343,784,CAM0/20200909200130.jpg
i,0,20200909,200133,59,1,299,754,342,783,CAM0/20200909200133.jpg
i,0,20200909,200136,59,1,299,754,342,784,CAM0/20200909200136.jpg
i,0,20200909,200139,70,1,299,755,341,783,CAM0/20200909200139.jpg
i,0,20200909,200142,33,1,299,755,341,784,CAM0/20200909200142.jpg
i,0,20200909,200148,49,4,1443,410,1503,490,CAM0/20200909200148.jpg
i,0,20200909,200148,38,1,298,753,343,785,CAM0/20200909200148.jpg
i,0,20200909,200151,37,4,1444,408,1504,491,CAM0/20200909200151.jpg
i,0,20200909,200151,49,1,297,753,344,784,CAM0/20200909200151.jpg
i,0,20200909,200154,56,1,297,755,341,784,CAM0/20200909200154.jpg
i,0,20200909,200157,64,1,298,752,345,785,CAM0/20200909200157.jpg
i,0,20200909,200200,54,4,1441,409,1503,488,CAM0/20200909200200.jpg
i,0,20200909,200200,66,1,297,753,342,785,CAM0/20200909200200.jpg
i,0,20200909,200203,58,1,299,755,340,783,CAM0/20200909200203.jpg
i,0,20200909,200206,44,1,298,754,341,783,CAM0/20200909200206.jpg
i,0,20200909,200209,67,1,298,754,342,784,CAM0/20200909200209.jpg
i,0,20200909,200212,49,1,298,755,341,783,CAM0/20200909200212.jpg
i,0,20200909,200215,71,1,299,754,342,784,CAM0/20200909200215.jpg
i,0,20200909,200218,65,1,298,754,344,784,CAM0/20200909200218.jpg
i,0,20200909,200221,61,1,298,754,341,784,CAM0/20200909200221.jpg
i,0,20200909,200233,73,1,298,755,341,783,CAM0/20200909200233.jpg
i,0,20200909,200236,64,1,298,754,340,783,CAM0/20200909200236.jpg
i,0,20200909,200239,37,1,299,755,343,783,CAM0/20200909200239.jpg
i,0,20200909,200242,37,4,1443,409,1504,488,CAM0/20200909200242.jpg
i,0,20200909,200242,39,1,299,755,340,783,CAM0/20200909200242.jpg
i,0,20200909,200245,62,1,298,755,341,784,CAM0/20200909200245.jpg
i,0,20200909,200254,41,1,301,750,343,780,CAM0/20200909200254.jpg
i,0,20200909,200257,35,4,1444,404,1505,491,CAM0/20200909200257.jpg
i,0,20200909,200303,55,1,298,754,343,784,CAM0/20200909200303.jpg
i,0,20200909,200306,40,4,1442,407,1502,489,CAM0/20200909200306.jpg
i,0,20200909,200309,69,1,297,754,342,784,CAM0/20200909200309.jpg
i,0,20200909,200315,38,1,300,756,339,783,CAM0/20200909200315.jpg
i,0,20200909,200318,38,4,1441,409,1501,489,CAM0/20200909200318.jpg
i,0,20200909,200318,64,1,299,755,342,783,CAM0/20200909200318.jpg
i,0,20200909,200321,60,1,299,755,343,783,CAM0/20200909200321.jpg
i,0,20200909,200324,63,4,1442,409,1503,489,CAM0/20200909200324.jpg
i,0,20200909,200324,61,1,298,754,343,783,CAM0/20200909200324.jpg
i,0,20200909,200327,54,1,299,754,343,784,CAM0/20200909200327.jpg
i,0,20200909,200330,34,1,300,755,340,783,CAM0/20200909200330.jpg
i,0,20200909,200333,43,1,300,755,340,784,CAM0/20200909200333.jpg
i,0,20200909,200336,53,1,299,754,345,784,CAM0/20200909200336.jpg
i,0,20200909,200339,33,1,300,754,342,784,CAM0/20200909200339.jpg
i,0,20200909,200342,63,1,298,754,342,784,CAM0/20200909200342.jpg
i,0,20200909,200345,74,1,298,753,343,784,CAM0/20200909200345.jpg
i,0,20200909,200348,65,1,299,754,341,783,CAM0/20200909200348.jpg
i,0,20200909,200351,56,1,299,753,343,784,CAM0/20200909200351.jpg
i,0,20200909,200354,66,1,298,755,342,783,CAM0/20200909200354.jpg
i,0,20200909,200357,58,1,299,754,343,783,CAM0/20200909200357.jpg
i,0,20200909,200400,72,1,298,753,343,784,CAM0/20200909200400.jpg
i,0,20200909,200403,56,1,299,754,343,784,CAM0/20200909200403.jpg
i,0,20200909,200406,51,1,298,755,343,784,CAM0/20200909200406.jpg
i,0,20200909,200412,64,1,298,754,345,783,CAM0/20200909200412.jpg
i,0,20200909,200415,59,1,299,754,345,784,CAM0/20200909200415.jpg
i,0,20200909,200421,55,1,299,753,345,784,CAM0/20200909200421.jpg
i,0,20200909,200424,64,1,299,754,343,783,CAM0/20200909200424.jpg
i,0,20200909,200427,66,1,299,754,343,785,CAM0/20200909200427.jpg
i,0,20200909,200433,63,1,299,753,345,785,CAM0/20200909200433.jpg
i,0,20200909,200436,69,1,299,754,344,783,CAM0/20200909200436.jpg
i,0,20200909,200439,61,1,300,754,343,784,CAM0/20200909200439.jpg
i,0,20200909,200442,59,1,297,754,343,784,CAM0/20200909200442.jpg
i,0,20200909,200448,50,1,299,754,343,783,CAM0/20200909200448.jpg
i,0,20200909,200454,60,1,299,754,343,784,CAM0/20200909200454.jpg
i,0,20200909,200457,60,1,299,754,344,784,CAM0/20200909200457.jpg
i,0,20200909,200500,47,1,298,755,341,783,CAM0/20200909200500.jpg
i,0,20200909,200503,54,4,1445,406,1506,486,CAM0/20200909200503.jpg
i,0,20200909,200503,51,1,298,755,344,783,CAM0/20200909200503.jpg
i,0,20200909,200506,34,4,1448,409,1505,487,CAM0/20200909200506.jpg
i,0,20200909,200506,38,1,297,754,345,786,CAM0/20200909200506.jpg
i,0,20200909,200509,62,1,298,754,344,784,CAM0/20200909200509.jpg
i,0,20200909,200512,62,1,298,754,345,783,CAM0/20200909200512.jpg
i,0,20200909,200515,52,1,298,753,344,784,CAM0/20200909200515.jpg
i,0,20200909,200518,60,1,299,754,344,783,CAM0/20200909200518.jpg
i,0,20200909,200521,59,1,298,754,344,783,CAM0/20200909200521.jpg
i,0,20200909,200524,68,1,299,754,342,783,CAM0/20200909200524.jpg
i,0,20200909,200527,67,1,299,755,342,783,CAM0/20200909200527.jpg
i,0,20200909,200530,32,4,1444,407,1504,492,CAM0/20200909200530.jpg
i,0,20200909,200530,68,1,300,752,344,785,CAM0/20200909200530.jpg
i,0,20200909,200536,62,1,298,753,347,785,CAM0/20200909200536.jpg
i,0,20200909,200539,50,1,298,753,344,785,CAM0/20200909200539.jpg
i,0,20200909,200542,55,1,299,754,345,783,CAM0/20200909200542.jpg
i,0,20200909,200545,68,1,299,753,345,784,CAM0/20200909200545.jpg
i,0,20200909,200548,46,1,300,753,343,784,CAM0/20200909200548.jpg
i,0,20200909,200551,53,1,299,754,344,783,CAM0/20200909200551.jpg
i,0,20200909,200557,70,1,299,753,344,785,CAM0/20200909200557.jpg
i,0,20200909,200600,62,1,300,753,344,784,CAM0/20200909200600.jpg
i,0,20200909,200603,35,4,1444,406,1505,489,CAM0/20200909200603.jpg
i,0,20200909,200603,54,1,298,754,346,784,CAM0/20200909200603.jpg
i,0,20200909,200606,66,1,298,754,344,784,CAM0/20200909200606.jpg
i,0,20200909,200609,70,1,297,754,344,784,CAM0/20200909200609.jpg
i,0,20200909,200612,33,1,298,755,345,784,CAM0/20200909200612.jpg
i,0,20200909,200615,65,1,298,755,342,783,CAM0/20200909200615.jpg
i,0,20200909,200618,53,1,302,753,347,785,CAM0/20200909200618.jpg
i,0,20200909,200621,41,1,299,753,347,785,CAM0/20200909200621.jpg
i,0,20200909,200624,49,1,299,753,346,784,CAM0/20200909200624.jpg
i,0,20200909,200627,46,1,299,754,347,784,CAM0/20200909200627.jpg
i,0,20200909,200630,41,1,301,753,347,784,CAM0/20200909200630.jpg
i,0,20200909,200633,50,1,299,752,348,785,CAM0/20200909200633.jpg
i,0,20200909,200636,60,1,299,752,348,786,CAM0/20200909200636.jpg
i,0,20200909,200639,44,1,301,752,347,785,CAM0/20200909200639.jpg
i,0,20200909,200642,54,4,1447,406,1506,490,CAM0/20200909200642.jpg
i,0,20200909,200642,46,1,301,752,349,786,CAM0/20200909200642.jpg
i,0,20200909,200645,45,1,301,753,347,784,CAM0/20200909200645.jpg
i,0,20200909,200648,42,1,301,753,347,785,CAM0/20200909200648.jpg
i,0,20200909,200651,39,1,301,753,346,785,CAM0/20200909200651.jpg
i,0,20200909,200654,46,1,302,752,347,785,CAM0/20200909200654.jpg
i,0,20200909,200657,41,1,301,753,346,784,CAM0/20200909200657.jpg
i,0,20200909,200700,38,1,300,753,349,785,CAM0/20200909200700.jpg
i,0,20200909,200703,34,1,300,752,349,786,CAM0/20200909200703.jpg
i,0,20200909,200706,52,1,301,753,348,785,CAM0/20200909200706.jpg
i,0,20200909,200709,44,1,301,752,346,785,CAM0/20200909200709.jpg
i,0,20200909,200712,32,1,300,752,348,786,CAM0/20200909200712.jpg
i,0,20200909,200715,40,1,301,752,348,786,CAM0/20200909200715.jpg
i,0,20200909,200718,36,1,312,746,354,783,CAM0/20200909200718.jpg
i,0,20200909,200721,49,1,302,752,347,785,CAM0/20200909200721.jpg
i,0,20200909,200724,52,1,302,752,347,786,CAM0/20200909200724.jpg
i,0,20200909,200727,43,1,302,753,348,785,CAM0/20200909200727.jpg
i,0,20200909,200730,43,1,300,753,348,786,CAM0/20200909200730.jpg
i,0,20200909,200733,58,1,300,753,348,785,CAM0/20200909200733.jpg
i,0,20200909,200736,45,1,302,753,348,785,CAM0/20200909200736.jpg
i,0,20200909,200739,41,1,303,753,347,785,CAM0/20200909200739.jpg
i,0,20200909,200742,44,1,302,753,347,785,CAM0/20200909200742.jpg
i,0,20200909,200745,47,1,302,752,347,786,CAM0/20200909200745.jpg
i,0,20200909,200748,48,1,301,753,348,785,CAM0/20200909200748.jpg
i,0,20200909,200751,36,1,310,747,351,783,CAM0/20200909200751.jpg
i,0,20200909,200754,42,1,303,747,345,782,CAM0/20200909200754.jpg
i,0,20200909,200757,35,1,301,752,349,786,CAM0/20200909200757.jpg
i,0,20200909,200800,44,1,301,752,348,786,CAM0/20200909200800.jpg
i,0,20200909,200803,33,1,302,748,345,781,CAM0/20200909200803.jpg
i,0,20200909,200806,56,1,301,753,348,786,CAM0/20200909200806.jpg
i,0,20200909,200809,35,1,302,747,346,782,CAM0/20200909200809.jpg
i,0,20200909,200812,32,1,301,752,348,786,CAM0/20200909200812.jpg
i,0,20200909,200815,45,1,301,752,348,786,CAM0/20200909200815.jpg
i,0,20200909,200818,43,1,301,751,348,786,CAM0/20200909200818.jpg
i,0,20200909,200821,38,1,300,752,349,785,CAM0/20200909200821.jpg
i,0,20200909,200824,36,1,302,752,348,785,CAM0/20200909200824.jpg
i,0,20200909,200827,34,1,302,752,348,786,CAM0/20200909200827.jpg
i,0,20200909,200830,39,1,302,752,348,786,CAM0/20200909200830.jpg
i,0,20200909,200836,36,1,309,746,352,782,CAM0/20200909200836.jpg
i,0,20200909,200839,38,1,302,752,348,787,CAM0/20200909200839.jpg
i,0,20200909,200842,41,1,310,747,352,782,CAM0/20200909200842.jpg
i,0,20200909,200845,37,1,304,753,347,786,CAM0/20200909200845.jpg
i,0,20200909,200848,37,1,309,747,353,782,CAM0/20200909200848.jpg
i,0,20200909,200851,42,1,304,752,345,786,CAM0/20200909200851.jpg
i,0,20200909,200854,45,1,302,752,347,787,CAM0/20200909200854.jpg
i,0,20200909,200900,38,1,303,751,347,786,CAM0/20200909200900.jpg
i,0,20200909,200903,35,1,303,752,348,787,CAM0/20200909200903.jpg
i,0,20200909,200906,37,1,303,752,348,786,CAM0/20200909200906.jpg
i,0,20200909,200909,33,1,309,748,353,782,CAM0/20200909200909.jpg
i,0,20200909,200912,39,1,309,746,354,783,CAM0/20200909200912.jpg
i,0,20200909,200915,33,1,304,751,347,787,CAM0/20200909200915.jpg
i,0,20200909,200918,48,1,304,752,346,786,CAM0/20200909200918.jpg
i,0,20200909,200921,48,1,303,753,348,786,CAM0/20200909200921.jpg
i,0,20200909,200924,39,1,303,749,345,780,CAM0/20200909200924.jpg
i,0,20200909,200930,31,1,310,748,353,782,CAM0/20200909200930.jpg
i,0,20200909,200933,32,1,303,751,347,787,CAM0/20200909200933.jpg
i,0,20200909,200936,38,1,309,747,352,782,CAM0/20200909200936.jpg
i,0,20200909,200939,50,1,310,746,353,782,CAM0/20200909200939.jpg
i,0,20200909,200942,33,1,304,752,346,787,CAM0/20200909200942.jpg
i,0,20200909,200945,48,1,310,747,353,782,CAM0/20200909200945.jpg
i,0,20200909,200948,44,1,309,747,353,782,CAM0/20200909200948.jpg
i,0,20200909,200951,42,1,304,753,346,786,CAM0/20200909200951.jpg
i,0,20200909,200954,36,1,311,747,353,782,CAM0/20200909200954.jpg
i,0,20200909,200957,48,1,311,753,352,788,CAM0/20200909200957.jpg
i,0,20200909,201000,49,1,309,747,353,782,CAM0/20200909201000.jpg
i,0,20200909,201003,31,1,302,751,349,787,CAM0/20200909201003.jpg
i,0,20200909,201006,39,1,310,747,353,782,CAM0/20200909201006.jpg
i,0,20200909,201009,33,1,310,746,354,783,CAM0/20200909201009.jpg
i,0,20200909,201012,32,1,304,752,347,787,CAM0/20200909201012.jpg
i,0,20200909,201015,31,1,309,752,352,788,CAM0/20200909201015.jpg
i,0,20200909,201018,42,1,309,747,353,783,CAM0/20200909201018.jpg
i,0,20200909,201021,62,1,310,747,354,782,CAM0/20200909201021.jpg
i,0,20200909,201024,44,1,310,746,352,783,CAM0/20200909201024.jpg
i,0,20200909,201027,34,1,310,747,352,783,CAM0/20200909201027.jpg
i,0,20200909,201030,35,1,303,750,348,788,CAM0/20200909201030.jpg
i,0,20200909,201033,47,1,309,746,354,783,CAM0/20200909201033.jpg
i,0,20200909,201036,39,1,310,747,352,782,CAM0/20200909201036.jpg
i,0,20200909,201039,47,1,310,747,352,782,CAM0/20200909201039.jpg
i,0,20200909,201042,38,1,1155,200,1193,228,CAM0/20200909201042.jpg
i,0,20200909,201042,35,1,305,751,347,786,CAM0/20200909201042.jpg
i,0,20200909,201045,49,1,311,746,353,782,CAM0/20200909201045.jpg
i,0,20200909,201048,42,1,310,747,352,782,CAM0/20200909201048.jpg
i,0,20200909,201051,54,1,310,746,353,783,CAM0/20200909201051.jpg
i,0,20200909,201054,47,1,311,745,352,783,CAM0/20200909201054.jpg
i,0,20200909,201057,40,1,311,753,353,787,CAM0/20200909201057.jpg
i,0,20200909,201100,55,1,313,743,355,785,CAM0/20200909201100.jpg
i,0,20200909,201103,54,1,310,746,352,783,CAM0/20200909201103.jpg
i,0,20200909,201106,34,1,310,745,352,784,CAM0/20200909201106.jpg
i,0,20200909,201109,44,1,311,746,352,783,CAM0/20200909201109.jpg
i,0,20200909,201112,45,1,312,752,351,787,CAM0/20200909201112.jpg
i,0,20200909,201115,56,1,312,746,355,783,CAM0/20200909201115.jpg
i,0,20200909,201118,46,1,310,753,352,787,CAM0/20200909201118.jpg
i,0,20200909,201121,47,1,313,753,352,787,CAM0/20200909201121.jpg
i,0,20200909,201124,49,1,312,753,352,787,CAM0/20200909201124.jpg
i,0,20200909,201127,52,1,313,743,354,785,CAM0/20200909201127.jpg
i,0,20200909,201130,42,1,311,753,350,788,CAM0/20200909201130.jpg
i,0,20200909,201133,40,1,311,752,351,788,CAM0/20200909201133.jpg
i,0,20200909,201136,51,1,312,745,352,783,CAM0/20200909201136.jpg
i,0,20200909,201139,48,1,312,748,354,781,CAM0/20200909201139.jpg
i,0,20200909,201142,50,1,312,747,353,782,CAM0/20200909201142.jpg
i,0,20200909,201145,67,1,1157,200,1195,228,CAM0/20200909201145.jpg
i,0,20200909,201145,53,1,311,752,351,789,CAM0/20200909201145.jpg
i,0,20200909,201148,52,1,313,746,354,782,CAM0/20200909201148.jpg
i,0,20200909,201151,65,1,313,746,355,781,CAM0/20200909201151.jpg
i,0,20200909,201154,41,1,313,753,349,786,CAM0/20200909201154.jpg
i,0,20200909,201157,47,1,311,754,351,788,CAM0/20200909201157.jpg
i,0,20200909,201200,38,1,311,754,351,787,CAM0/20200909201200.jpg
i,0,20200909,201203,42,1,311,746,353,782,CAM0/20200909201203.jpg
i,0,20200909,201206,61,1,316,745,359,784,CAM0/20200909201206.jpg
i,0,20200909,201209,50,1,311,754,352,788,CAM0/20200909201209.jpg
i,0,20200909,201209,31,1,1156,199,1194,228,CAM0/20200909201209.jpg
i,0,20200909,201212,53,1,312,746,353,782,CAM0/20200909201212.jpg
i,0,20200909,201215,48,1,314,744,352,784,CAM0/20200909201215.jpg
i,0,20200909,201218,48,1,312,748,354,782,CAM0/20200909201218.jpg
i,0,20200909,201221,39,1,311,755,352,787,CAM0/20200909201221.jpg
i,0,20200909,201224,67,1,313,747,353,781,CAM0/20200909201224.jpg
i,0,20200909,201230,36,1,313,748,355,781,CAM0/20200909201230.jpg
i,0,20200909,201233,33,1,313,748,352,781,CAM0/20200909201233.jpg
i,0,20200909,201236,37,1,314,747,357,782,CAM0/20200909201236.jpg
i,0,20200909,201242,42,1,312,746,354,782,CAM0/20200909201242.jpg
i,0,20200909,201245,55,1,314,748,355,781,CAM0/20200909201245.jpg
i,0,20200909,201248,43,1,314,749,354,780,CAM0/20200909201248.jpg
i,0,20200909,201251,44,1,313,749,356,780,CAM0/20200909201251.jpg
i,0,20200909,201254,43,1,313,748,355,780,CAM0/20200909201254.jpg
i,0,20200909,201306,35,1,315,748,354,781,CAM0/20200909201306.jpg
i,0,20200909,201312,52,1,313,747,355,782,CAM0/20200909201312.jpg
i,0,20200909,201321,43,1,314,749,352,781,CAM0/20200909201321.jpg
i,0,20200909,201327,50,1,313,748,353,782,CAM0/20200909201327.jpg
i,0,20200909,201339,35,1,315,749,357,781,CAM0/20200909201339.jpg
i,0,20200909,201345,31,1,316,749,355,780,CAM0/20200909201345.jpg
i,0,20200909,201348,43,1,315,747,354,782,CAM0/20200909201348.jpg
i,0,20200909,201351,32,1,313,752,352,779,CAM0/20200909201351.jpg
i,0,20200909,201400,35,1,313,751,352,780,CAM0/20200909201400.jpg
i,0,20200909,201421,40,1,314,751,350,780,CAM0/20200909201421.jpg
i,0,20200909,201433,41,1,315,748,353,780,CAM0/20200909201433.jpg
i,0,20200909,201448,36,1,315,749,351,780,CAM0/20200909201448.jpg
i,0,20200909,201506,43,1,318,750,355,778,CAM0/20200909201506.jpg
i,0,20200909,201509,31,1,317,751,355,779,CAM0/20200909201509.jpg
i,0,20200909,201530,33,1,315,750,350,779,CAM0/20200909201530.jpg
i,0,20200909,201545,47,1,316,749,353,778,CAM0/20200909201545.jpg
i,0,20200909,201603,51,1,318,752,352,778,CAM0/20200909201603.jpg
